removal,elapsed_seconds,count
1,24966.0,1
2,24974.0,1
3,24982.0,1
4,24990.0,1
5,25007.0,1
6,25015.0,1
7,25023.0,1
8,25031.0,1
9,25039.0,1
10,25047.0,1
11,25055.0,1
12,25063.0,1
13,25071.0,1
14,25079.0,1
15,25087.0,1
16,25095.0,1
17,25103.0,1
18,25110.0,1
19,25119.0,1
20,25127.0,1
21,25324.0,1
22,25332.0,1
23,25340.0,1
24,25348.0,1
25,25356.0,1
26,25364.0,1
27,25372.0,1
28,25380.0,1
29,25388.0,1
30,25403.0,1
31,25411.0,1
32,25419.0,1
33,25427.0,1
34,25435.0,1
35,25443.0,1
36,25451.0,1
37,25459.0,1
38,25467.0,1
39,25475.0,1
40,25483.0,1
41,25491.0,1
42,25499.0,1
43,25507.0,1
44,25515.0,1
45,25523.0,1
46,25766.0,1
47,25774.0,1
48,25783.0,1
49,25800.0,1
50,25808.0,1
51,25815.0,1
52,25823.0,1
53,25831.0,1
54,25839.0,1
55,25847.0,1
56,25855.0,1
57,25863.0,1
58,25871.0,1
59,25879.0,1
60,25887.0,1
61,25895.0,1
62,25903.0,1
63,25910.0,1
64,25918.0,1
65,25940.0,1
66,25948.0,1
67,25956.0,1
68,25963.0,1
69,25972.0,1
70,25982.0,1
71,25990.0,1
72,25997.0,1
73,26004.0,1
74,26011.0,1
75,26019.0,1
76,26026.0,1
77,26033.0,1
78,26040.0,1
79,26048.0,1
80,26063.0,1
81,26070.0,1
82,26077.0,1
83,26085.0,1
84,26091.0,1
85,26099.0,1
86,26106.0,1
87,26113.0,1
88,26120.0,1
89,26128.0,1
90,26135.0,1
91,26142.0,1
92,26150.0,1
93,26157.0,1
94,26164.0,1
95,26172.0,1
96,26179.0,1
97,26195.0,1
98,26203.0,1
99,26210.0,1
100,26217.0,1
101,26224.0,1
102,26232.0,1
103,26239.0,1
104,26246.0,1
105,26253.0,1
106,26261.0,1
107,26268.0,1
108,26275.0,1
109,26283.0,1
110,26290.0,1
111,26297.0,1
112,26304.0,1
113,26312.0,1
114,26327.0,1
115,26335.0,1
116,26342.0,1
117,26349.0,1
118,26357.0,1
119,26364.0,1
120,26371.0,1
121,26378.0,1
122,26385.0,1
123,26393.0,1
124,26400.0,1
125,26407.0,1
126,26415.0,1
127,26422.0,1
128,26429.0,1
129,26436.0,1
130,26444.0,1
131,26459.0,1
132,26467.0,1
133,26474.0,1
134,26481.0,1
135,26488.0,1
136,26495.0,1
137,26502.0,1
138,26510.0,1
139,26517.0,1
140,26525.0,1
141,26532.0,1
142,26539.0,1
143,26546.0,1
144,26553.0,1
145,26560.0,1
146,26568.0,1
147,26574.0,1
148,26592.0,1
149,26599.0,1
150,26606.0,1
151,26613.0,1
152,26621.0,1
153,26628.0,1
154,26635.0,1
155,26643.0,1
156,26650.0,1
157,26657.0,1
158,26664.0,1
159,26672.0,1
160,26678.0,1
161,26686.0,1
162,26692.0,1
163,26700.0,1
164,26707.0,1
165,26723.0,1
166,26730.0,1
167,26737.0,1
168,26745.0,1
169,26752.0,1
170,26759.0,1
171,26767.0,1
172,26774.0,1
173,26781.0,1
174,26789.0,1
175,26806.0,1
176,26813.0,1
177,26821.0,1
178,26828.0,1
179,26834.0,1
180,26842.0,1
181,26927.0,1
182,26934.0,1
183,26941.0,1
184,26949.0,1
185,26956.0,1
186,26963.0,1
187,26971.0,1
188,26988.0,1
189,26995.0,1
190,27002.0,1
191,27009.0,1
192,27016.0,1
193,27024.0,1
194,27031.0,1
195,27038.0,1
196,27045.0,1
197,27053.0,1
198,27060.0,1
199,27067.0,1
200,27075.0,1
201,27082.0,1
202,27089.0,1
203,27096.0,1
204,27103.0,1
205,27120.0,1
206,27127.0,1
207,27134.0,1
208,27141.0,1
209,27149.0,1
210,27156.0,1
211,27164.0,1
212,27172.0,1
213,27179.0,1
214,27186.0,1
215,27194.0,1
216,27201.0,1
217,27208.0,1
218,27216.0,1
219,27223.0,1
220,27230.0,1
221,27238.0,1
222,27252.0,1
223,27259.0,1
224,27266.0,1
225,27273.0,1
226,27281.0,1
227,27288.0,1
228,27295.0,1
229,27302.0,1
230,27310.0,1
231,27317.0,1
232,27324.0,1
233,27331.0,1
234,27339.0,1
235,27346.0,1
236,27353.0,1
237,27361.0,1
238,27367.0,1
239,27384.0,1
240,27391.0,1
241,27398.0,1
242,27405.0,1
243,27412.0,1
244,27420.0,1
245,27427.0,1
246,27434.0,1
247,27442.0,1
248,27449.0,1
249,27456.0,1
250,27463.0,1
251,27471.0,1
252,27478.0,1
253,27485.0,1
254,27492.0,1
255,27500.0,1
256,27516.0,1
257,27523.0,1
258,27530.0,1
259,27537.0,1
260,27544.0,1
261,27552.0,1
262,27559.0,1
263,27566.0,1
264,27574.0,1
265,27581.0,1
266,27587.0,1
267,27595.0,1
268,27602.0,1
269,27609.0,1
270,27616.0,1
271,27624.0,1
272,27631.0,1
273,27648.0,1
274,27655.0,1
275,27662.0,1
276,27669.0,1
277,27676.0,1
278,27683.0,1
279,27690.0,1
280,27697.0,1
281,27704.0,1
282,27712.0,1
283,27719.0,1
284,27726.0,1
285,27733.0,1
286,27741.0,1
287,27748.0,1
288,27755.0,1
289,27762.0,1
290,27780.0,1
291,27787.0,1
292,27794.0,1
293,27801.0,1
294,27809.0,1
295,27816.0,1
296,27823.0,1
297,27830.0,1
298,27838.0,1
299,27845.0,1
300,27852.0,1
301,27859.0,1
302,27866.0,1
303,27873.0,1
304,27880.0,1
305,27887.0,1
306,27894.0,1
307,27912.0,1
308,27919.0,1
309,27927.0,1
310,27934.0,1
311,27941.0,1
312,27949.0,1
313,27956.0,1
314,27963.0,1
315,27970.0,1
316,27977.0,1
317,27985.0,1
318,27992.0,1
319,28000.0,1
320,28007.0,1
321,28014.0,1
322,28021.0,1
323,28029.0,1
324,28044.0,1
325,28051.0,1
326,28058.0,1
327,28066.0,1
328,28073.0,1
329,28081.0,1
330,28088.0,1
331,28095.0,1
332,28102.0,1
333,28110.0,1
334,28117.0,1
335,28124.0,1
336,28132.0,1
337,28139.0,1
338,28146.0,1
339,28153.0,1
340,28161.0,1
341,28176.0,1
342,28183.0,1
343,28190.0,1
344,28197.0,1
345,28205.0,1
346,28212.0,1
347,28219.0,1
348,28227.0,1
349,28234.0,1
350,28241.0,1
351,28248.0,1
352,28255.0,1
353,28263.0,1
354,28270.0,1
355,28277.0,1
356,28284.0,1
357,28291.0,1
358,28308.0,1
359,28315.0,1
360,28322.0,1
361,28330.0,1
362,28337.0,1
363,28344.0,1
364,28352.0,1
365,28359.0,1
366,28366.0,1
367,28373.0,1
368,28381.0,1
369,28387.0,1
370,28395.0,1
371,28402.0,1
372,28409.0,1
373,28417.0,1
374,28424.0,1
375,28440.0,1
376,28446.0,1
377,28454.0,1
378,28461.0,1
379,28468.0,1
380,28476.0,1
381,28483.0,1
382,28490.0,1
383,28497.0,1
384,28504.0,1
385,28512.0,1
386,28519.0,1
387,28527.0,1
388,28534.0,1
389,28541.0,1
390,28548.0,1
391,28555.0,1
392,28572.0,1
393,28579.0,1
394,28586.0,1
395,28594.0,1
396,28601.0,1
397,28618.0,1
398,28624.0,1
399,28632.0,1
400,28639.0,1
401,28645.0,1
402,28653.0,1
403,28660.0,1
404,28667.0,1
405,28675.0,1
406,28682.0,1
407,28689.0,1
408,28704.0,1
409,28711.0,1
410,28717.0,1
411,28725.0,1
412,28731.0,1
413,28738.0,1
414,28745.0,1
415,28752.0,1
416,28760.0,1
417,28767.0,1
418,28774.0,1
419,28782.0,1
420,28789.0,1
421,28796.0,1
422,28803.0,1
423,28811.0,1
424,28818.0,1
425,28843.0,1
426,28850.0,1
427,28858.0,1
428,28865.0,1
429,28873.0,1
430,28879.0,1
431,28887.0,1
432,28894.0,1
433,28900.0,1
434,28908.0,1
435,28915.0,1
436,28922.0,1
437,28929.0,1
438,28937.0,1
439,28943.0,1
440,28950.0,1
441,28968.0,1
442,28975.0,1
443,28982.0,1
444,28990.0,1
445,28997.0,1
446,29004.0,1
447,29012.0,1
448,29019.0,1
449,29026.0,1
450,29034.0,1
451,29041.0,1
452,29048.0,1
453,29055.0,1
454,29062.0,1
455,29069.0,1
456,29076.0,1
457,29083.0,1
458,29100.0,1
459,29107.0,1
460,29114.0,1
461,29122.0,1
462,29128.0,1
463,29136.0,1
464,29143.0,1
465,29150.0,1
466,29158.0,1
467,29165.0,1
468,29172.0,1
469,29179.0,1
470,29187.0,1
471,29193.0,1
472,29201.0,1
473,29208.0,1
474,29215.0,1
475,29232.0,1
476,29239.0,1
477,29246.0,1
478,29253.0,1
479,29261.0,1
480,29268.0,1
481,29275.0,1
482,29282.0,1
483,29290.0,1
484,29297.0,1
485,29304.0,1
486,29311.0,1
487,29318.0,1
488,29326.0,1
489,29333.0,1
490,29340.0,1
491,29347.0,1
492,29364.0,1
493,29371.0,1
494,29378.0,1
495,29386.0,1
496,29393.0,1
497,29400.0,1
498,29407.0,1
499,29415.0,1
500,29422.0,1
501,29429.0,1
502,29436.0,1
503,29443.0,1
504,29451.0,1
505,29458.0,1
506,29465.0,1
507,29472.0,1
508,29480.0,1
509,29496.0,1
510,29503.0,1
511,29510.0,1
512,29518.0,1
513,29525.0,1
514,29531.0,1
515,29539.0,1
516,29546.0,1
517,29553.0,1
518,29560.0,1
519,29568.0,1
520,29575.0,1
521,29582.0,1
522,29589.0,1
523,29597.0,1
524,29604.0,1
525,29611.0,1
526,29628.0,1
527,29635.0,1
528,29642.0,1
529,29649.0,1
530,29657.0,1
531,29663.0,1
532,29671.0,1
533,29678.0,1
534,29685.0,1
535,29692.0,1
536,29700.0,1
537,29707.0,1
538,29714.0,1
539,29721.0,1
540,29729.0,1
541,29736.0,1
542,29743.0,1
543,29760.0,1
544,29767.0,1
545,29774.0,1
546,29781.0,1
547,29789.0,1
548,29796.0,1
549,29803.0,1
550,29810.0,1
551,29818.0,1
552,29825.0,1
553,29833.0,1
554,29841.0,1
555,29848.0,1
556,29855.0,1
557,29862.0,1
558,29869.0,1
559,29876.0,1
560,29892.0,1
561,29899.0,1
562,29906.0,1
563,29914.0,1
564,29921.0,1
565,29927.0,1
566,29934.0,1
567,29942.0,1
568,29949.0,1
569,29956.0,1
570,29963.0,1
571,29971.0,1
572,29978.0,1
573,29985.0,1
574,29993.0,1
575,30000.0,1
576,30007.0,1
577,30024.0,1
578,30031.0,1
579,30038.0,1
580,30046.0,1
581,30053.0,1
582,30060.0,1
583,30067.0,1
584,30075.0,1
585,30082.0,1
586,30089.0,1
587,30096.0,1
588,30104.0,1
589,30111.0,1
590,30117.0,1
591,30125.0,1
592,30132.0,1
593,30139.0,1
594,30156.0,1
595,30163.0,1
596,30170.0,1
597,30178.0,1
598,30185.0,1
599,30192.0,1
600,30199.0,1
601,30207.0,1
602,30214.0,1
603,30221.0,1
604,30228.0,1
605,30235.0,1
606,30243.0,1
607,30250.0,1
608,30257.0,1
609,30264.0,1
610,30272.0,1
611,30288.0,1
612,30295.0,1
613,30302.0,1
614,30310.0,1
615,30315.0,1
616,30323.0,1
617,30330.0,1
618,30337.0,1
619,30344.0,1
620,30352.0,1
621,30359.0,1
622,30366.0,1
623,30373.0,1
624,30381.0,1
625,30388.0,1
626,30395.0,1
627,30402.0,1
628,30420.0,1
629,30440.0,1
630,30447.0,1
631,30454.0,1
632,30462.0,1
633,30470.0,1
634,30477.0,1
635,30485.0,1
636,30492.0,1
637,30499.0,1
638,30507.0,1
639,30514.0,1
640,30521.0,1
641,30528.0,1
642,30536.0,1
643,30552.0,1
644,30559.0,1
645,30567.0,1
646,30574.0,1
647,30581.0,1
648,30588.0,1
649,30596.0,1
650,30603.0,1
651,30610.0,1
652,30618.0,1
653,30625.0,1
654,30632.0,1
655,30639.0,1
656,30647.0,1
657,30654.0,1
658,30661.0,1
659,30669.0,1
660,30684.0,1
661,30691.0,1
662,30699.0,1
663,30706.0,1
664,30713.0,1
665,30720.0,1
666,30727.0,1
667,30735.0,1
668,30742.0,1
669,30749.0,1
670,30757.0,1
671,30763.0,1
672,30770.0,1
673,30778.0,1
674,30785.0,1
675,30792.0,1
676,30800.0,1
677,30816.0,1
678,30823.0,1
679,30831.0,1
680,30838.0,1
681,30845.0,1
682,30853.0,1
683,30860.0,1
684,30867.0,1
685,30874.0,1
686,30881.0,1
687,30889.0,1
688,30898.0,1
689,30904.0,1
690,30911.0,1
691,30919.0,1
692,30926.0,1
693,122028.0,1
694,122045.0,1
695,122052.0,1
696,122059.0,1
697,122067.0,1
698,122074.0,1
699,122093.0,1
700,122100.0,1
701,122108.0,1
702,122115.0,1
703,122123.0,1
704,122130.0,1
705,122137.0,1
706,122144.0,1
707,122151.0,1
708,122159.0,1
709,122166.0,1
710,122174.0,1
711,122181.0,1
712,122188.0,1
713,122195.0,1
714,122202.0,1
715,122210.0,1
716,122225.0,1
717,122232.0,1
718,122240.0,1
719,122247.0,1
720,122255.0,1
721,122262.0,1
722,122268.0,1
723,122275.0,1
724,122282.0,1
725,122289.0,1
726,122297.0,1
727,122303.0,1
728,122311.0,1
729,122318.0,1
730,122325.0,1
731,122333.0,1
732,122340.0,1
733,122357.0,1
734,122364.0,1
735,122371.0,1
736,122378.0,1
737,122385.0,1
738,122393.0,1
739,122401.0,1
740,122408.0,1
741,122416.0,1
742,122423.0,1
743,122430.0,1
744,122437.0,1
745,122444.0,1
746,122452.0,1
747,122459.0,1
748,122467.0,1
749,122474.0,1
750,122489.0,1
751,122496.0,1
752,122503.0,1
753,122511.0,1
754,122518.0,1
755,122525.0,1
756,122532.0,1
757,122539.0,1
758,122546.0,1
759,122553.0,1
760,122561.0,1
761,122568.0,1
762,122575.0,1
763,122583.0,1
764,122590.0,1
765,122597.0,1
766,122604.0,1
767,122621.0,1
768,122628.0,1
769,122635.0,1
770,122643.0,1
771,122650.0,1
772,122657.0,1
773,122665.0,1
774,122671.0,1
775,122679.0,1
776,122686.0,1
777,122693.0,1
778,122701.0,1
779,122708.0,1
780,122716.0,1
781,122723.0,1
782,122730.0,1
783,122738.0,1
784,122753.0,1
785,122760.0,1
786,122768.0,1
787,122775.0,1
788,122783.0,1
789,122790.0,1
790,122797.0,1
791,122804.0,1
792,122810.0,1
793,124962.0,1
794,124969.0,1
795,124977.0,1
796,124984.0,1
797,124997.0,1
798,125004.0,1
799,125012.0,1
800,125019.0,1
801,125026.0,1
802,125034.0,1
803,125041.0,1
804,125048.0,1
805,125055.0,1
806,125062.0,1
807,125070.0,1
808,125077.0,1
809,125084.0,1
810,125092.0,1
811,125099.0,1
812,125106.0,1
813,125114.0,1
814,125129.0,1
815,125137.0,1
816,125144.0,1
817,125151.0,1
818,125159.0,1
819,125166.0,1
820,125173.0,1
821,125181.0,1
822,125188.0,1
823,125195.0,1
824,125203.0,1
825,125210.0,1
826,125217.0,1
827,125225.0,1
828,125232.0,1
829,125239.0,1
830,125247.0,1
831,125261.0,1
832,125269.0,1
833,125276.0,1
834,125283.0,1
835,125290.0,1
836,125298.0,1
837,125305.0,1
838,125312.0,1
839,125319.0,1
840,125326.0,1
841,125334.0,1
842,125341.0,1
843,125348.0,1
844,125356.0,1
845,125363.0,1
846,125370.0,1
847,125377.0,1
848,125393.0,1
849,125401.0,1
850,125408.0,1
851,125415.0,1
852,125423.0,1
853,125430.0,1
854,125437.0,1
855,125444.0,1
856,125452.0,1
857,125459.0,1
858,125466.0,1
859,125474.0,1
860,125481.0,1
861,125488.0,1
862,125495.0,1
863,125503.0,1
864,125510.0,1
865,125525.0,1
866,125532.0,1
867,125540.0,1
868,125547.0,1
869,125555.0,1
870,125562.0,1
871,125569.0,1
872,125576.0,1
873,125584.0,1
874,125591.0,1
875,125598.0,1
876,125605.0,1
877,125613.0,1
878,125620.0,1
879,125628.0,1
880,125635.0,1
881,125642.0,1
882,125657.0,1
883,125677.0,1
884,125685.0,1
885,125692.0,1
886,125699.0,1
887,125706.0,1
888,125714.0,1
889,125721.0,1
890,125728.0,1
891,125736.0,1
892,125743.0,1
893,125750.0,1
894,125757.0,1
895,125764.0,1
896,125772.0,1
897,125797.0,1
898,125804.0,1
899,125811.0,1
900,125819.0,1
901,125826.0,1
902,125833.0,1
903,125841.0,1
904,125848.0,1
905,125855.0,1
906,125863.0,1
907,125870.0,1
908,125877.0,1
909,125885.0,1
910,125892.0,1
911,125899.0,1
912,125907.0,1
913,125921.0,1
914,125929.0,1
915,125936.0,1
916,125943.0,1
917,125950.0,1
918,125958.0,1
919,125965.0,1
920,125972.0,1
921,125980.0,1
922,125987.0,1
923,125994.0,1
924,126001.0,1
925,126009.0,1
926,126016.0,1
927,126023.0,1
928,126030.0,1
929,126037.0,1
930,126053.0,1
931,126061.0,1
932,126068.0,1
933,126075.0,1
934,126083.0,1
935,126089.0,1
936,126097.0,1
937,126104.0,1
938,126111.0,1
939,126118.0,1
940,126126.0,1
941,126133.0,1
942,126140.0,1
943,126147.0,1
944,126154.0,1
945,126161.0,1
946,133541.0,1
947,133548.0,1
948,133556.0,1
949,133562.0,1
950,133569.0,1
951,133576.0,1
952,133590.0,1
953,133597.0,1
954,133605.0,1
955,133612.0,1
956,133619.0,1
957,133627.0,1
958,133634.0,1
959,133642.0,1
960,133649.0,1
961,133657.0,1
962,133664.0,1
963,133671.0,1
964,133678.0,1
965,133686.0,1
966,133693.0,1
967,133701.0,1
968,133708.0,1
969,133722.0,1
970,133729.0,1
971,133736.0,1
972,133743.0,1
973,133750.0,1
974,133757.0,1
975,133765.0,1
976,133772.0,1
977,133779.0,1
978,133821.0,1
979,133828.0,1
980,133835.0,1
981,133854.0,1
982,133861.0,1
983,133868.0,1
984,133876.0,1
985,133883.0,1
986,133890.0,1
987,136832.0,1
988,136839.0,1
989,136846.0,1
990,136854.0,1
991,136861.0,1
992,136869.0,1
993,136876.0,1
994,136890.0,1
995,136898.0,1
996,136905.0,1
997,136913.0,1
998,136920.0,1
999,136927.0,1
1000,136934.0,1
1001,136942.0,1
1002,136949.0,1
1003,136957.0,1
1004,136964.0,1
1005,136972.0,1
1006,136979.0,1
1007,136986.0,1
1008,136993.0,1
1009,137000.0,1
1010,137008.0,1
1011,137022.0,1
1012,137030.0,1
1013,137036.0,1
1014,137044.0,1
1015,137051.0,1
1016,137058.0,1
1017,137065.0,1
1018,137072.0,1
1019,137079.0,1
1020,142567.0,1
1021,142574.0,1
1022,142581.0,1
1023,142589.0,1
1024,142596.0,1
1025,142603.0,1
1026,142611.0,1
1027,142618.0,1
1028,142626.0,1
1029,142633.0,1
1030,142640.0,1
1031,142647.0,1
1032,142655.0,1
1033,142662.0,1
1034,142669.0,1
1035,142677.0,1
1036,142684.0,1
1037,142699.0,1
1038,142706.0,1
1039,142714.0,1
1040,142721.0,1
1041,142728.0,1
1042,142736.0,1
1043,142743.0,1
1044,142750.0,1
1045,142758.0,1
1046,142765.0,1
1047,142806.0,1
1048,142814.0,1
1049,142831.0,1
1050,142837.0,1
1051,142844.0,1
1052,142852.0,1
1053,142859.0,1
1054,147696.0,1
1055,147703.0,1
1056,147711.0,1
1057,147727.0,1
1058,147734.0,1
1059,147741.0,1
1060,147747.0,1
1061,147754.0,1
1062,147762.0,1
1063,147770.0,1
1064,147777.0,1
1065,147784.0,1
1066,147791.0,1
1067,147799.0,1
1068,147805.0,1
1069,147813.0,1
1070,147821.0,1
1071,147828.0,1
1072,147836.0,1
1073,147882.0,1
1074,147889.0,1
1075,147896.0,1
1076,147904.0,1
1077,147911.0,1
1078,147918.0,1
1079,147926.0,1
1080,147933.0,1
1081,147940.0,1
1082,147948.0,1
1083,147955.0,1
1084,147962.0,1
1085,147969.0,1
1086,152295.0,1
1087,152303.0,1
1088,152310.0,1
1089,152318.0,1
1090,152325.0,1
1091,152332.0,1
1092,152348.0,1
1093,152355.0,1
1094,152362.0,1
1095,152370.0,1
1096,152377.0,1
1097,152385.0,1
1098,152392.0,1
1099,152399.0,1
1100,152406.0,1
1101,152414.0,1
1102,152421.0,1
1103,152428.0,1
1104,152435.0,1
1105,152442.0,1
1106,152449.0,1
1107,152457.0,1
1108,152464.0,1
1109,152480.0,1
1110,152523.0,1
1111,152530.0,1
1112,152537.0,1
1113,152545.0,1
1114,152552.0,1
1115,152559.0,1
1116,152567.0,1
1117,152574.0,1
1118,156863.0,1
1119,156870.0,1
1120,156878.0,1
1121,156885.0,1
1122,156893.0,1
1123,156900.0,1
1124,156907.0,1
1125,156914.0,1
1126,156922.0,1
1127,156929.0,1
1128,156936.0,1
1129,156944.0,1
1130,156951.0,1
1131,156968.0,1
1132,156976.0,1
1133,156983.0,1
1134,156990.0,1
1135,156998.0,1
1136,157005.0,1
1137,157013.0,1
1138,157020.0,1
1139,157028.0,1
1140,157036.0,1
1141,157074.0,1
1142,157082.0,1
1143,157100.0,1
1144,157107.0,1
1145,157114.0,1
1146,157122.0,1
1147,157129.0,1
1148,157136.0,1
1149,157143.0,1
1150,163448.0,1
1151,163456.0,1
1152,163463.0,1
1153,163471.0,1
1154,163477.0,1
1155,163485.0,1
1156,163492.0,1
1157,163498.0,1
1158,163606.0,1
1159,163614.0,1
1160,163620.0,1
1161,163628.0,1
1162,163635.0,1
1163,163643.0,1
1164,163650.0,1
1165,163657.0,1
1166,163664.0,1
1167,163671.0,1
1168,163679.0,1
1169,163686.0,1
1170,163694.0,1
1171,163712.0,1
1172,163732.0,1
1173,163740.0,1
1174,163747.0,1
1175,163754.0,1
1176,163827.0,1
1177,163845.0,1
1178,163852.0,1
1179,163859.0,1
1180,163866.0,1
1181,163873.0,1
1182,168763.0,1
1183,168771.0,1
1184,168778.0,1
1185,168786.0,1
1186,168793.0,1
1187,168801.0,1
1188,168808.0,1
1189,168815.0,1
1190,168823.0,1
1191,168830.0,1
1192,168838.0,1
1193,168845.0,1
1194,168861.0,1
1195,168869.0,1
1196,168876.0,1
1197,168884.0,1
1198,168891.0,1
1199,168898.0,1
1200,168906.0,1
1201,168913.0,1
1202,168921.0,1
1203,168928.0,1
1204,168936.0,1
1205,168943.0,1
1206,168950.0,1
1207,168958.0,1
1208,169070.0,1
1209,169078.0,1
1210,169085.0,1
1211,169092.0,1
1212,169100.0,1
1213,169107.0,1
1214,175181.0,1
1215,175188.0,1
1216,175196.0,1
1217,175210.0,1
1218,175217.0,1
1219,175226.0,1
1220,175233.0,1
1221,175240.0,1
1222,175245.0,1
1223,175252.0,1
1224,175260.0,1
1225,175268.0,1
1226,175275.0,1
1227,175279.0,1
1228,175287.0,1
1229,175295.0,1
1230,175303.0,1
1231,175310.0,1
1232,175318.0,1
1233,175326.0,1
1234,175342.0,1
1235,175349.0,1
1236,175357.0,1
1237,175364.0,1
1238,175372.0,1
1239,175411.0,1
1240,175419.0,1
1241,175461.0,1
1242,175473.0,1
1243,175481.0,1
1244,175488.0,1
1245,181042.0,1
1246,181046.0,1
1247,181051.0,1
1248,181055.0,1
1249,181059.0,1
1250,181065.0,1
1251,181069.0,1
1252,181073.0,1
1253,181078.0,1
1254,181082.0,1
1255,181086.0,1
1256,181091.0,1
1257,181095.0,1
1258,181099.0,1
1259,181104.0,1
1260,181109.0,1
1261,181113.0,1
1262,181117.0,1
1263,181122.0,1
1264,181126.0,1
1265,181130.0,1
1266,181135.0,1
1267,181178.0,1
1268,181183.0,1
1269,181187.0,1
1270,181191.0,1
1271,181195.0,1
1272,181199.0,1
1273,181204.0,1
1274,181208.0,1
1275,181212.0,1
1276,181216.0,1
1277,181220.0,1
1278,186184.0,1
1279,186188.0,1
1280,186192.0,1
1281,186197.0,1
1282,186201.0,1
1283,186206.0,1
1284,186210.0,1
1285,186214.0,1
1286,186218.0,1
1287,186223.0,1
1288,186227.0,1
1289,186231.0,1
1290,186236.0,1
1291,186240.0,1
1292,186244.0,1
1293,186249.0,1
1294,186253.0,1
1295,186257.0,1
1296,186262.0,1
1297,186266.0,1
1298,186271.0,1
1299,186275.0,1
1300,186279.0,1
1301,186283.0,1
1302,186287.0,1
1303,186292.0,1
1304,186296.0,1
1305,186310.0,1
1306,186314.0,1
1307,186318.0,1
1308,186322.0,1
1309,186327.0,1
1310,186331.0,1
1311,228427.0,1
1312,228431.0,1
1313,228436.0,1
1314,228440.0,1
1315,228445.0,1
1316,228449.0,1
1317,228454.0,1
1318,228458.0,1
1319,228462.0,1
1320,228478.0,1
1321,228482.0,1
1322,228486.0,1
1323,228491.0,1
1324,228495.0,1
1325,228499.0,1
1326,228504.0,1
1327,228508.0,1
1328,228512.0,1
1329,228517.0,1
1330,228521.0,1
1331,228526.0,1
1332,228530.0,1
1333,228534.0,1
1334,228539.0,1
1335,228543.0,1
1336,228548.0,1
1337,228552.0,1
1338,228556.0,1
1339,228561.0,1
1340,228565.0,1
1341,228570.0,1
1342,228574.0,1
1343,228579.0,1
1344,228585.0,1
1345,228589.0,1
1346,228594.0,1
1347,228878.0,1
1348,228902.0,1
1349,228907.0,1
1350,228911.0,1
1351,228915.0,1
1352,228920.0,1
1353,228924.0,1
1354,228929.0,1
1355,228933.0,1
1356,228937.0,1
1357,228942.0,1
1358,228946.0,1
1359,228950.0,1
1360,228955.0,1
1361,228959.0,1
1362,228963.0,1
1363,228968.0,1
1364,228972.0,1
1365,228976.0,1
1366,228981.0,1
1367,228985.0,1
1368,228990.0,1
1369,229010.0,1
1370,229034.0,1
1371,229039.0,1
1372,229043.0,1
1373,229048.0,1
1374,229052.0,1
1375,229057.0,1
1376,229061.0,1
1377,229065.0,1
1378,229070.0,1
1379,229074.0,1
1380,229079.0,1
1381,229083.0,1
1382,229087.0,1
1383,229092.0,1
1384,229096.0,1
1385,229100.0,1
1386,229105.0,1
1387,229109.0,1
1388,229113.0,1
1389,229118.0,1
1390,229122.0,1
1391,229138.0,1
1392,229142.0,1
1393,229146.0,1
1394,229151.0,1
1395,229155.0,1
1396,229159.0,1
1397,229164.0,1
1398,229168.0,1
1399,229172.0,1
1400,229177.0,1
1401,229181.0,1
1402,229185.0,1
1403,229190.0,1
1404,229194.0,1
1405,229199.0,1
1406,229203.0,1
1407,229207.0,1
1408,229212.0,1
1409,229216.0,1
1410,229220.0,1
1411,229225.0,1
1412,229229.0,1
1413,229253.0,1
1414,229277.0,1
1415,229281.0,1
1416,229285.0,1
1417,229290.0,1
1418,229294.0,1
1419,229298.0,1
1420,229303.0,1
1421,229307.0,1
1422,229312.0,1
1423,229316.0,1
1424,229320.0,1
1425,229325.0,1
1426,229329.0,1
1427,229333.0,1
1428,229338.0,1
1429,229344.0,1
1430,229349.0,1
1431,229354.0,1
1432,229358.0,1
1433,229362.0,1
1434,229367.0,1
1435,229372.0,1
1436,229376.0,1
1437,229382.0,1
1438,229387.0,1
1439,229402.0,1
1440,229406.0,1
1441,229410.0,1
1442,229415.0,1
1443,229419.0,1
1444,229423.0,1
1445,229428.0,1
1446,229432.0,1
1447,229436.0,1
1448,229441.0,1
1449,229445.0,1
1450,229450.0,1
1451,229454.0,1
1452,229458.0,1
1453,229463.0,1
1454,229467.0,1
1455,229472.0,1
1456,229476.0,1
1457,229480.0,1
1458,229484.0,1
1459,229489.0,1
1460,229493.0,1
1461,229497.0,1
1462,229502.0,1
1463,229506.0,1
1464,229511.0,1
1465,229515.0,1
1466,229519.0,1
1467,229534.0,1
1468,229538.0,1
1469,229542.0,1
1470,229547.0,1
1471,229551.0,1
1472,229555.0,1
1473,229559.0,1
1474,229564.0,1
1475,229568.0,1
1476,229572.0,1
1477,229577.0,1
1478,229581.0,1
1479,229586.0,1
1480,229590.0,1
1481,229595.0,1
1482,229599.0,1
1483,229603.0,1
1484,229608.0,1
1485,229612.0,1
1486,229616.0,1
1487,229620.0,1
1488,229625.0,1
1489,229629.0,1
1490,229633.0,1
1491,229638.0,1
1492,229642.0,1
1493,229646.0,1
1494,229651.0,1
1495,229666.0,1
1496,229670.0,1
1497,229675.0,1
1498,229679.0,1
1499,229683.0,1
1500,229688.0,1
1501,229692.0,1
1502,229696.0,1
1503,229701.0,1
1504,229705.0,1
1505,229710.0,1
1506,229714.0,1
1507,229719.0,1
1508,229723.0,1
1509,229727.0,1
1510,229732.0,1
1511,229736.0,1
1512,229740.0,1
1513,229744.0,1
1514,229749.0,1
1515,229753.0,1
1516,229757.0,1
1517,229762.0,1
1518,229766.0,1
1519,229771.0,1
1520,229775.0,1
1521,229779.0,1
1522,229783.0,1
1523,229798.0,1
1524,229802.0,1
1525,229806.0,1
1526,229811.0,1
1527,229815.0,1
1528,229819.0,1
1529,229824.0,1
1530,229828.0,1
1531,229832.0,1
1532,229837.0,1
1533,229841.0,1
1534,229845.0,1
1535,229850.0,1
1536,229854.0,1
1537,229858.0,1
1538,229863.0,1
1539,229867.0,1
1540,229872.0,1
1541,229876.0,1
1542,229880.0,1
1543,229884.0,1
1544,229889.0,1
1545,229893.0,1
1546,229897.0,1
1547,229902.0,1
1548,229906.0,1
1549,229910.0,1
1550,229915.0,1
1551,229930.0,1
1552,229934.0,1
1553,229938.0,1
1554,229943.0,1
1555,229947.0,1
1556,229952.0,1
1557,229956.0,1
1558,229961.0,1
1559,229965.0,1
1560,229969.0,1
1561,229974.0,1
1562,229978.0,1
1563,229982.0,1
1564,229987.0,1
1565,229991.0,1
1566,229995.0,1
1567,230000.0,1
1568,230005.0,1
1569,230011.0,1
1570,230015.0,1
1571,230019.0,1
1572,230024.0,1
1573,230028.0,1
1574,230032.0,1
1575,230037.0,1
1576,230041.0,1
1577,230045.0,1
1578,230075.0,1
1579,230099.0,1
1580,230104.0,1
1581,230108.0,1
1582,230112.0,1
1583,230117.0,1
1584,230121.0,1
1585,230126.0,1
1586,230130.0,1
1587,230134.0,1
1588,230139.0,1
1589,230143.0,1
1590,230148.0,1
1591,230152.0,1
1592,230156.0,1
1593,230161.0,1
1594,230165.0,1
1595,230170.0,1
1596,230174.0,1
1597,230178.0,1
1598,230194.0,1
1599,230198.0,1
1600,230203.0,1
1601,230207.0,1
1602,230211.0,1
1603,230216.0,1
1604,230220.0,1
1605,230224.0,1
1606,230229.0,1
1607,230233.0,1
1608,230237.0,1
1609,230242.0,1
1610,230247.0,1
1611,230251.0,1
1612,230256.0,1
1613,230260.0,1
1614,230265.0,1
1615,230269.0,1
1616,230273.0,1
1617,230278.0,1
1618,230282.0,1
1619,230286.0,1
1620,230290.0,1
1621,230295.0,1
1622,230299.0,1
1623,230303.0,1
1624,230308.0,1
1625,230312.0,1
1626,230325.0,1
1627,230329.0,1
