cycle,end_seconds,active_cycle_seconds,failed_attempts
1,2189.0,278.751,19
2,2303.0,105.547,2
3,5837.0,142.562,3
4,9346.0,116.906,1
5,12615.0,133.344,2
6,15301.0,104.563,2
7,17865.0,109.609,1
8,91665.0,69.016,1
9,91732.0,63.265,1
10,91806.0,73.359,0
11,91865.0,59.328,0
12,91936.0,70.156,0
13,91997.0,61.891,0
14,92068.0,70.062,0
15,92128.0,60.797,0
16,92199.0,70.406,0
17,92260.0,61.61,0
18,92331.0,70.219,0
19,92392.0,61.14,0
20,92463.0,71.375,0
21,92525.0,61.938,0
22,92596.0,71.265,0
23,92658.0,61.5,0
24,92728.0,69.813,0
25,93962.0,138.251,1
26,94028.0,66.39,0
27,94089.0,61.032,0
28,94159.0,69.968,0
29,94219.0,59.985,0
30,94292.0,72.562,0
31,94353.0,61.422,0
32,94424.0,70.75,0
33,94485.0,61.469,0
34,94555.0,69.609,0
35,94618.0,62.844,0
36,94699.0,81.375,0
37,94759.0,59.875,0
38,94820.0,61.234,0
39,94882.0,61.407,0
40,94952.0,70.0,0
41,97245.0,121.391,1
42,97305.0,60.078,0
43,97366.0,61.297,0
44,97427.0,60.172,0
45,97492.0,65.203,0
46,97553.0,60.922,0
47,97621.0,68.203,0
48,97682.0,61.422,0
49,97753.0,70.5,0
50,97815.0,62.031,0
51,97887.0,71.782,0
52,97949.0,62.156,0
53,98019.0,69.922,0
54,98078.0,59.0,0
55,98140.0,62.093,0
56,98202.0,62.079,0
57,98271.0,69.062,0
58,98343.0,71.719,0
59,98413.0,69.812,0
60,98476.0,63.688,0
61,98546.0,70.047,0
62,98608.0,61.39,0
63,98678.0,70.266,0
64,98740.0,61.766,0
65,98810.0,69.937,0
66,98868.0,58.422,0
67,98932.0,63.875,0
68,98994.0,62.344,0
69,99064.0,69.672,0
70,99126.0,61.656,0
71,99196.0,69.937,0
72,99260.0,60.078,1
73,99330.0,69.828,0
74,99392.0,62.562,0
75,99460.0,67.61,0
76,101733.0,135.422,0
77,101795.0,62.047,0
78,101856.0,61.312,0
79,101918.0,62.454,0
80,101992.0,73.078,0
81,102052.0,60.078,0
82,102122.0,69.906,0
83,102185.0,63.859,0
84,102255.0,69.172,0
85,102316.0,61.563,0
86,102387.0,70.828,0
87,102448.0,61.109,0
88,102517.0,69.422,0
89,102580.0,62.094,0
90,102649.0,69.515,0
91,102710.0,61.36,0
92,102785.0,74.343,0
93,102846.0,60.86,0
94,102915.0,68.937,0
95,102976.0,61.578,0
96,103047.0,71.203,0
97,103110.0,62.829,0
98,103178.0,67.546,0
99,103240.0,62.204,0
100,103312.0,72.5,0
101,126450.0,64.86,0
102,126512.0,61.953,0
103,126572.0,60.515,0
104,126640.0,67.844,0
105,127682.0,67.219,2
106,128265.0,76.187,1
107,128325.0,60.266,0
108,128387.0,61.672,0
109,128458.0,70.781,0
110,128517.0,59.609,0
111,128591.0,74.172,0
112,128652.0,60.422,0
113,128722.0,70.313,0
114,128783.0,60.515,0
115,128858.0,71.407,1
116,129442.0,71.141,2
117,129517.0,70.859,1
118,129587.0,65.093,1
119,129655.0,63.719,1
120,129716.0,60.859,0
121,129778.0,62.125,0
122,129842.0,60.0,1
123,129914.0,67.516,1
124,129977.0,62.969,0
125,130046.0,64.688,1
126,130113.0,62.906,1
127,130182.0,64.798,1
128,130246.0,63.296,0
129,130311.0,60.922,1
130,130374.0,63.031,0
131,130442.0,63.376,1
132,130509.0,62.718,1
133,130572.0,62.781,0
134,130637.0,61.469,1
135,130706.0,64.547,1
136,130774.0,63.375,1
137,130842.0,63.562,1
138,130909.0,62.954,1
139,130977.0,63.5,1
140,131046.0,64.36,1
141,131128.0,82.298,0
142,131193.0,60.765,1
143,134307.0,62.546,1
144,134368.0,60.453,0
145,134439.0,71.312,0
146,134499.0,60.063,0
147,134560.0,60.984,0
148,134617.0,57.0,0
149,134676.0,58.203,0
150,134735.0,59.313,0
151,134807.0,71.984,0
152,134866.0,59.469,0
153,134936.0,69.563,0
154,134994.0,58.0,0
155,135064.0,69.671,0
156,135124.0,60.719,0
157,135196.0,71.219,0
158,135254.0,58.109,0
159,135313.0,59.547,0
160,135371.0,57.625,0
161,135430.0,59.047,0
162,135496.0,66.266,0
163,135554.0,57.781,0
164,135620.0,65.766,0
165,135681.0,61.109,0
166,135748.0,67.312,0
167,135808.0,59.969,0
168,135868.0,59.766,0
169,135928.0,59.797,0
170,135992.0,64.843,0
171,136050.0,57.094,0
172,136600.0,61.828,1
173,136660.0,59.938,0
174,136718.0,57.406,0
175,136785.0,67.328,0
176,140349.0,73.641,0
177,140409.0,60.25,0
178,140478.0,68.484,0
179,140538.0,59.985,0
180,140608.0,70.547,0
181,140668.0,59.953,0
182,140728.0,60.031,0
183,140789.0,60.703,0
184,140846.0,57.36,0
185,140909.0,62.39,0
186,140969.0,60.297,0
187,141041.0,71.797,0
188,141101.0,60.375,0
189,141171.0,69.859,0
190,141231.0,60.407,0
191,141294.0,62.468,0
192,141352.0,58.0,0
193,141411.0,58.969,0
194,141470.0,59.766,0
195,141538.0,67.359,0
196,141598.0,60.125,0
197,141670.0,72.031,0
198,141733.0,62.547,0
199,141802.0,69.25,0
200,141862.0,60.313,0
201,141934.0,71.562,0
202,142006.0,72.125,0
203,142066.0,60.344,0
204,142127.0,60.562,0
205,142197.0,70.797,0
206,142255.0,57.453,0
207,142326.0,70.75,0
208,142386.0,60.047,0
209,142457.0,71.438,0
210,142514.0,57.047,0
211,145651.0,74.422,0
212,145711.0,60.39,0
213,145775.0,63.625,0
214,145836.0,60.954,0
215,145906.0,70.078,0
216,145967.0,60.922,0
217,146037.0,70.218,0
218,146095.0,57.641,0
219,146164.0,68.937,0
220,146225.0,61.204,0
221,146285.0,60.171,0
222,146352.0,67.125,0
223,146414.0,62.079,0
224,146472.0,58.109,0
225,146530.0,57.859,0
226,146595.0,65.078,0
227,146656.0,60.688,0
228,146722.0,61.391,1
229,146784.0,61.984,0
230,146849.0,64.828,0
231,146909.0,60.188,0
232,146971.0,61.578,0
233,147033.0,61.953,0
234,147094.0,60.797,0
235,147154.0,60.75,0
236,147227.0,72.312,0
237,147286.0,59.344,0
238,147352.0,65.781,0
239,147410.0,57.891,0
240,147473.0,63.078,0
241,147531.0,58.609,0
242,147594.0,62.313,0
243,147652.0,58.5,0
244,150163.0,67.844,0
245,150223.0,59.641,0
246,150291.0,68.594,0
247,150352.0,60.671,0
248,150414.0,62.219,0
249,150477.0,62.297,0
250,150546.0,69.438,0
251,150607.0,61.359,0
252,150678.0,70.641,0
253,150739.0,60.656,0
254,150810.0,71.812,0
255,150871.0,61.0,0
256,150943.0,71.875,0
257,151004.0,60.422,0
258,151074.0,70.453,0
259,151134.0,60.188,0
260,151206.0,71.203,0
261,151266.0,60.328,0
262,151338.0,71.828,0
263,151398.0,60.688,0
264,151470.0,71.531,0
265,151530.0,60.141,0
266,151590.0,59.375,0
267,151650.0,60.39,0
268,151715.0,64.75,0
269,151775.0,60.641,0
270,151846.0,70.969,0
271,151908.0,61.921,0
272,151979.0,70.985,0
273,152040.0,60.75,0
274,152111.0,71.14,0
275,152171.0,60.0,0
276,152246.0,70.985,1
277,154746.0,72.656,0
278,154806.0,60.5,0
279,154878.0,71.625,0
280,154938.0,60.484,0
281,155010.0,71.906,0
282,155075.0,60.906,1
283,155146.0,70.64,0
284,155209.0,62.375,0
285,155280.0,70.766,0
286,155341.0,61.422,0
287,155411.0,69.859,0
288,155468.0,57.375,0
289,155540.0,71.5,0
290,155601.0,61.578,0
291,155670.0,69.172,0
292,155733.0,62.407,0
293,155801.0,68.515,0
294,155863.0,61.406,0
295,155923.0,60.469,0
296,155983.0,60.188,0
297,156045.0,61.203,0
298,156105.0,60.344,0
299,156163.0,57.734,0
300,156232.0,69.75,0
301,156291.0,58.125,0
302,156355.0,64.219,0
303,156415.0,60.156,0
304,156497.0,81.984,0
305,156557.0,59.813,0
306,156622.0,64.781,0
307,156680.0,58.438,0
308,156752.0,71.593,0
309,156811.0,59.0,0
310,159575.0,64.11,0
311,159647.0,71.875,0
312,159708.0,60.578,0
313,159779.0,71.109,0
314,160407.0,146.422,5
315,160472.0,64.531,0
316,160532.0,60.547,0
317,160601.0,68.891,0
318,160660.0,58.578,0
319,160723.0,63.281,0
320,160784.0,60.672,0
321,160855.0,70.828,0
322,160916.0,60.953,0
323,160987.0,71.391,0
324,161048.0,60.75,0
325,161119.0,71.0,0
326,161176.0,57.422,0
327,161236.0,60.296,0
328,161337.0,60.11,1
329,161399.0,61.359,0
330,161459.0,59.765,0
331,162552.0,64.798,1
332,162649.0,93.047,1
333,162714.0,63.844,0
334,162775.0,61.047,0
335,162846.0,71.609,0
336,162907.0,60.485,0
337,162976.0,69.5,0
338,163037.0,60.312,0
339,163099.0,62.031,0
340,163158.0,59.844,0
341,163219.0,61.0,0
342,163281.0,61.078,0
343,163343.0,62.25,0
344,163404.0,61.688,0
345,166117.0,78.796,1
346,166178.0,61.14,0
347,166249.0,71.11,0
348,166606.0,67.437,1
349,166674.0,67.954,0
350,166735.0,60.859,0
351,166796.0,61.531,0
352,166856.0,60.172,0
353,166915.0,58.891,0
354,166976.0,61.25,0
355,167041.0,64.14,0
356,167101.0,60.469,0
357,167173.0,71.953,0
358,167233.0,60.453,0
359,167304.0,70.547,0
360,167418.0,59.328,1
361,167479.0,60.5,0
362,167539.0,60.578,0
363,167598.0,58.281,0
364,167729.0,61.015,1
365,167791.0,57.484,1
366,167862.0,70.594,0
367,167925.0,58.438,1
368,167996.0,70.89,0
369,168054.0,58.609,0
370,168166.0,59.844,1
371,168228.0,62.297,0
372,168287.0,58.172,0
373,168356.0,69.156,0
374,168413.0,57.812,0
375,168471.0,57.328,0
376,168529.0,58.079,0
377,168588.0,59.25,0
378,168651.0,63.046,0
379,168709.0,57.547,0
380,171477.0,60.719,0
381,171581.0,103.485,0
382,171638.0,57.343,0
383,171700.0,62.016,0
384,171756.0,55.844,0
385,171820.0,64.359,0
386,171877.0,56.453,0
387,171936.0,59.688,0
388,171992.0,55.797,0
389,172182.0,67.953,2
390,172241.0,59.376,0
391,172297.0,55.828,0
392,172361.0,63.687,0
393,172419.0,58.047,0
394,172512.0,62.547,1
395,172569.0,57.328,0
396,172627.0,57.39,0
397,172684.0,57.5,0
398,172745.0,60.703,0
399,172818.0,68.578,1
400,172879.0,60.938,0
401,172937.0,57.891,0
402,174542.0,53.75,2
403,174609.0,66.297,0
404,174667.0,57.375,0
405,174725.0,58.5,0
406,174780.0,55.234,0
407,174841.0,60.391,0
408,174898.0,57.687,0
409,174966.0,68.031,0
410,175025.0,58.672,0
411,175083.0,57.516,0
412,175141.0,58.156,0
413,177755.0,66.297,0
414,177847.0,91.375,0
415,177905.0,58.75,0
416,177963.0,57.922,0
417,178079.0,63.453,1
418,178172.0,92.501,0
419,178229.0,57.594,0
420,178290.0,60.719,0
421,178347.0,56.906,0
422,178405.0,58.031,0
423,178528.0,57.266,1
424,178610.0,81.375,0
425,178670.0,60.578,0
426,178727.0,56.953,0
427,178834.0,53.516,1
428,178933.0,97.922,0
429,178994.0,57.187,1
430,179065.0,70.141,0
431,179161.0,55.969,1
432,179498.0,103.657,1
433,180055.0,141.766,1
434,180126.0,67.265,1
435,180187.0,59.922,0
436,180254.0,67.078,0
437,180312.0,58.172,0
438,180381.0,68.766,0
439,180436.0,55.437,0
440,180538.0,57.657,1
441,180600.0,61.562,0
442,180697.0,96.609,0
443,180752.0,55.0,0
444,180810.0,58.266,0
445,180921.0,55.562,1
446,180993.0,67.219,1
447,184250.0,80.344,1
448,184308.0,57.516,0
449,184374.0,65.484,0
450,184430.0,56.36,0
451,184490.0,59.937,0
452,184571.0,58.765,1
453,184636.0,65.031,0
454,184693.0,57.219,0
455,184755.0,61.422,0
456,184812.0,57.484,0
457,184885.0,63.578,1
458,184940.0,54.875,0
459,184997.0,56.594,0
460,185051.0,54.031,0
461,185106.0,55.703,0
462,185166.0,59.156,0
463,185221.0,55.516,0
464,185281.0,59.656,0
465,185339.0,58.125,0
466,185394.0,55.203,0
467,185451.0,56.688,0
468,185511.0,60.375,0
469,185572.0,60.547,0
470,185626.0,54.109,0
471,185692.0,66.437,0
472,185748.0,56.047,0
473,185808.0,59.891,0
474,185864.0,55.844,0
475,185921.0,56.468,0
476,185975.0,54.157,0
477,186031.0,55.89,0
478,186089.0,58.016,0
479,186144.0,55.281,0
480,188481.0,60.359,0
481,188536.0,55.109,0
482,188597.0,60.938,0
483,188651.0,53.609,0
484,188714.0,62.657,0
485,189182.0,89.485,5
486,189242.0,58.828,0
487,189297.0,55.281,0
488,189354.0,56.922,0
489,189408.0,54.125,0
490,189465.0,56.531,0
491,189563.0,65.047,1
492,189630.0,66.891,0
493,189683.0,52.079,0
494,189734.0,51.937,0
495,189795.0,60.234,0
496,189848.0,53.797,0
497,189901.0,52.578,0
498,189955.0,53.797,0
499,190008.0,53.125,0
500,190061.0,52.907,0
501,190115.0,54.078,0
502,190181.0,66.531,0
503,190236.0,54.703,0
504,190295.0,58.656,0
505,190348.0,52.703,0
506,190400.0,52.75,0
507,190454.0,53.938,0
508,190507.0,52.469,0
509,190619.0,45.124,2
510,190677.0,58.047,0
511,191068.0,56.813,1
512,191124.0,55.75,0
513,191177.0,52.766,0
514,193727.0,58.782,0
515,193780.0,53.172,0
516,193834.0,54.015,0
517,193887.0,52.266,0
518,193938.0,51.672,0
519,193993.0,54.422,0
520,194047.0,54.453,0
521,194100.0,52.593,0
522,194153.0,53.719,0
523,194207.0,53.266,0
524,194456.0,63.844,1
525,194521.0,64.359,0
526,194580.0,58.594,0
527,194633.0,53.391,0
528,194687.0,53.718,0
529,194740.0,53.328,0
530,194800.0,59.579,0
531,194850.0,50.328,0
532,194911.0,61.359,0
533,194962.0,51.047,0
534,195022.0,55.203,1
535,195079.0,56.125,0
536,195131.0,52.11,0
537,195183.0,52.281,0
538,195236.0,52.812,0
539,195290.0,54.516,0
540,195342.0,51.687,0
541,195397.0,51.079,1
542,195461.0,63.499,0
543,195515.0,54.032,0
544,195575.0,60.14,0
545,195628.0,52.516,0
546,195680.0,51.734,0
547,198105.0,59.61,0
548,198158.0,53.312,0
549,198222.0,64.203,0
550,198276.0,53.766,0
551,198328.0,51.312,0
552,198383.0,55.625,0
553,198435.0,51.735,0
554,198491.0,56.562,0
555,198546.0,54.328,0
556,198597.0,51.454,0
557,198652.0,55.0,0
558,198705.0,52.484,0
559,198756.0,51.25,0
560,198808.0,52.453,0
561,198861.0,52.156,0
562,198913.0,52.344,0
563,198966.0,53.297,0
564,199021.0,54.375,0
565,199072.0,50.906,0
566,199127.0,55.391,0
567,199182.0,55.281,0
568,199236.0,53.5,0
569,199298.0,62.234,0
570,199350.0,52.079,0
571,199411.0,60.843,0
572,199463.0,52.141,0
573,199521.0,53.985,1
574,199579.0,56.718,0
575,199631.0,52.0,0
576,199696.0,65.422,0
577,199747.0,51.406,0
578,199812.0,64.766,0
579,199864.0,51.953,0
580,199916.0,52.281,0
581,202189.0,65.0,0
582,202241.0,52.344,0
583,202293.0,52.375,0
584,202347.0,53.75,0
585,202404.0,52.516,1
586,202469.0,64.125,0
587,202522.0,53.422,0
588,202584.0,62.312,0
589,202638.0,53.485,0
590,202691.0,53.312,0
591,202743.0,52.031,0
592,202796.0,52.407,0
593,202848.0,52.531,0
594,202902.0,54.156,0
595,202956.0,53.656,0
596,203011.0,55.563,0
597,203066.0,53.812,0
598,203126.0,60.985,0
599,203177.0,50.734,0
600,203241.0,63.891,0
601,203295.0,54.172,0
602,203349.0,54.187,0
603,203402.0,52.969,0
604,203455.0,52.515,0
605,203508.0,53.532,0
606,203561.0,52.828,0
607,203617.0,56.25,0
608,203671.0,54.109,0
609,203723.0,51.969,0
610,203816.0,68.859,3
611,203870.0,53.141,0
612,203929.0,59.703,0
613,203983.0,53.812,0
614,207010.0,61.281,0
615,207064.0,54.734,0
616,207118.0,53.844,0
617,207180.0,62.016,0
618,207235.0,54.5,0
619,207290.0,54.765,0
620,207347.0,57.922,0
621,207401.0,53.688,0
622,207456.0,54.422,0
623,207517.0,60.984,0
624,207571.0,54.438,0
625,207632.0,60.625,0
626,207685.0,53.718,0
627,207740.0,54.5,0
628,207796.0,56.422,0
629,207850.0,53.906,0
630,207912.0,61.829,0
631,207964.0,52.171,0
632,208028.0,64.266,0
633,208082.0,53.891,0
634,208137.0,54.609,0
635,208190.0,53.422,0
636,208242.0,51.516,0
637,208294.0,52.453,0
638,208349.0,54.593,0
639,208402.0,52.797,0
640,208456.0,54.203,0
641,208511.0,54.891,0
642,208575.0,64.0,0
643,208630.0,54.828,0
644,208689.0,59.313,0
645,208742.0,53.265,0
646,208795.0,52.391,0
647,211590.0,71.39,0
648,211644.0,54.282,0
649,211697.0,52.687,0
650,211752.0,55.813,0
651,211808.0,56.078,0
652,211872.0,63.203,0
653,211927.0,55.14,0
654,211989.0,62.563,0
655,212044.0,55.047,0
656,212099.0,54.172,0
657,212153.0,54.703,0
658,212207.0,53.515,0
659,212270.0,63.313,0
660,212323.0,53.187,0
661,212385.0,61.907,0
662,212437.0,52.047,0
663,212492.0,54.968,0
664,212547.0,54.36,0
665,212600.0,53.297,0
666,212664.0,64.171,0
667,212717.0,52.625,0
668,212782.0,64.813,0
669,212836.0,54.969,0
670,212893.0,56.406,0
671,212957.0,63.656,0
672,213010.0,53.328,0
673,213074.0,63.75,0
674,213131.0,56.969,0
675,213192.0,61.109,0
676,213245.0,53.282,0
677,213309.0,64.39,0
678,213364.0,54.922,0
679,213419.0,54.578,0
680,213472.0,53.11,0
681,213528.0,55.625,0
682,213589.0,61.781,0
683,213644.0,54.891,0
684,213706.0,61.578,0
685,215849.0,62.953,0
686,215904.0,54.829,0
687,215965.0,61.312,0
688,216019.0,54.375,0
689,216082.0,62.469,0
690,216134.0,51.719,0
691,216186.0,52.203,0
692,216239.0,53.297,0
693,216292.0,53.343,0
694,216348.0,55.141,0
695,216401.0,53.437,0
696,216458.0,56.954,0
697,216512.0,54.312,0
698,216567.0,54.75,0
699,216626.0,58.719,0
700,216680.0,54.547,0
701,216743.0,62.922,0
702,216798.0,54.359,0
703,216851.0,53.5,0
704,216904.0,52.391,0
705,216959.0,55.343,0
706,217021.0,62.172,0
707,217074.0,53.156,0
708,217139.0,65.157,0
709,217195.0,55.625,0
710,217251.0,55.64,0
711,217306.0,55.594,0
712,217362.0,55.422,0
713,217416.0,54.5,0
714,217471.0,55.172,0
715,217534.0,62.437,0
716,217586.0,52.688,0
717,219721.0,61.89,0
718,219777.0,56.547,0
719,219832.0,55.141,0
720,219889.0,56.578,0
721,219944.0,55.39,0
722,220004.0,55.141,1
723,220070.0,65.938,0
724,220125.0,54.421,0
725,220178.0,53.079,0
726,220236.0,57.765,0
727,220288.0,52.422,0
728,220342.0,54.156,0
729,220397.0,54.907,0
730,220454.0,56.875,0
731,220507.0,53.468,0
732,220571.0,63.391,0
733,220624.0,53.141,0
734,220678.0,53.656,0
735,220733.0,55.375,0
736,220786.0,52.609,0
737,220849.0,63.875,0
738,220902.0,52.891,0
739,220966.0,63.64,0
740,221019.0,53.25,0
741,221074.0,55.094,0
742,221129.0,54.688,0
743,221185.0,55.859,0
744,221246.0,61.359,0
745,221301.0,54.75,0
746,221363.0,62.235,0
747,221416.0,52.547,0
748,221469.0,53.703,0
749,221524.0,54.562,0
750,221576.0,52.235,0
751,221635.0,54.157,1
752,223375.0,66.531,0
753,223430.0,55.485,0
754,223485.0,54.594,0
755,223538.0,53.0,0
756,223590.0,52.609,0
757,223645.0,54.531,0
758,223706.0,56.204,1
759,223768.0,61.75,0
760,223834.0,65.484,0
761,223897.0,63.469,0
762,223951.0,53.625,0
763,224014.0,63.687,0
764,224068.0,53.578,0
765,224123.0,54.563,0
766,224176.0,52.984,0
767,224231.0,55.172,0
768,224293.0,62.594,0
769,224348.0,54.672,0
770,224411.0,63.109,0
771,224466.0,54.891,0
772,224519.0,53.125,0
773,224572.0,52.578,0
774,224627.0,55.344,0
775,226091.0,58.234,0
776,226154.0,62.328,0
777,226206.0,52.781,0
778,226259.0,52.297,0
779,226312.0,53.563,0
780,226367.0,54.469,0
781,226419.0,52.312,0
782,226476.0,56.672,0
783,226539.0,62.969,0
784,226593.0,54.578,0
785,226654.0,60.906,0
786,226707.0,53.078,0
787,226760.0,52.578,0
788,226843.0,54.203,0
789,226896.0,53.188,0
790,226948.0,52.281,0
791,228107.0,72.36,0
792,228161.0,54.171,0
793,228214.0,53.641,0
794,228267.0,52.344,0
795,228321.0,54.172,0
796,228385.0,63.797,0
