run,start_seconds,wall_seconds,active_seconds,drive_seconds,gained_sp,sp_per_wall_hour,partial_timing,capped,exit_reason
1,2357.0,2508.0,1514.9990000000253,807.6179999999999,4,5.742,True,False,stationary_recovery_exit
2,4865.0,721.0,712.5779999999941,502.55400000000003,11,54.924,False,False,stationary_recovery_exit
3,5852.0,808.0,795.8130000000092,579.781,5,22.277,False,False,stationary_recovery_exit
4,6660.0,681.0,672.5629999999946,451.70799999999997,3,15.859,False,False,stationary_recovery_exit
5,7341.0,1774.0,1757.3429999999935,916.652,11,22.322,False,False,natural_completion
6,9421.0,673.0,660.4520000000048,443.284,13,69.539,False,False,stationary_recovery_exit
7,10094.0,595.0,586.890000000014,324.0899999999999,3,18.151,False,False,stationary_recovery_exit
8,10689.0,543.0,538.7659999999887,352.18999999999994,2,13.26,False,False,stationary_recovery_exit
9,11232.0,1144.0,1131.7030000000086,890.049,6,18.881,False,False,stationary_recovery_exit
10,12630.0,609.0,588.8270000000048,323.477,10,59.113,False,False,stationary_recovery_exit
11,13240.0,1176.0,1155.9059999999881,913.159,2,6.122,False,False,natural_completion
12,14416.0,712.0,699.0770000000048,516.8330000000001,11,55.618,False,False,stationary_recovery_exit
13,15316.0,980.0,971.156999999992,134.611,1,3.673,False,False,stationary_recovery_exit
14,16296.0,782.0,774.4369999999908,511.977,11,50.639,False,False,stationary_recovery_exit
15,17079.0,534.0,522.0320000000065,305.919,3,20.225,False,False,stationary_recovery_exit
16,17880.0,791.0,770.7339999999967,514.561,4,18.205,False,False,stationary_recovery_exit
17,18671.0,861.0,844.2329999999929,604.0079999999999,4,16.725,False,False,stationary_recovery_exit
18,19532.0,67357.0,522.5470000000205,8.177999999999997,5,0.267,True,False,unknown
19,86889.0,1362.0,1157.7339999999676,917.165,350,925.11,True,False,natural_completion
20,92760.0,1045.0,1045.1559999999881,917.3409999999999,340,1171.292,False,False,natural_completion
21,95056.0,1029.0,1024.2019999999902,917.0649999999999,359,1255.977,False,False,natural_completion
22,96087.0,1018.0,1017.9070000000065,917.2040000000001,366,1294.303,False,False,natural_completion
23,99529.0,1036.0,1035.9070000000065,917.3679999999999,340,1181.467,False,False,natural_completion
24,100565.0,1018.0,1017.8129999999946,917.19,340,1202.358,False,False,natural_completion
25,122885.0,1023.0,1022.8440000000119,917.0930000000001,363,1277.419,False,False,natural_completion
26,123909.0,1020.0,1020.359999999986,917.2819999999999,377,1330.588,False,False,natural_completion
27,131205.0,1026.0,1026.25,917.215,350,1228.07,False,False,natural_completion
28,138247.0,1011.0,1010.2340000000258,917.271,346,1232.047,False,False,natural_completion
29,139258.0,985.0,984.6559999999881,917.326,378,1381.523,False,False,natural_completion
30,142874.0,1647.0,1038.3589999999967,917.214,351,767.213,True,False,natural_completion
31,144521.0,1042.0,1042.109999999986,917.409,342,1181.574,False,False,natural_completion
32,147991.0,1044.0,1043.9379999999946,916.239,344,1186.207,False,False,natural_completion
33,149036.0,1046.0,1046.328999999998,917.216,353,1214.914,False,False,natural_completion
34,152588.0,1042.0,1041.1560000000172,917.14,355,1226.488,False,False,natural_completion
35,153630.0,1011.0,1011.3590000000258,917.391,347,1235.608,False,False,natural_completion
36,157365.0,1044.0,1044.0780000000086,917.129,360,1241.379,False,False,natural_completion
37,158410.0,1063.0,1008.4690000000119,916.941,377,1276.764,True,False,natural_completion
38,163890.0,1047.0,1047.6410000000033,917.001,350,1203.438,False,False,natural_completion
39,164938.0,1043.0,1043.4840000000258,917.2389999999999,376,1297.795,False,False,natural_completion
40,169126.0,1041.0,1041.0470000000205,917.357,340,1175.793,False,False,natural_completion
41,170168.0,1044.0,1009.484000000055,917.1569999999999,360,1241.379,True,False,natural_completion
42,175552.0,1090.0,1040.469000000041,917.3449999999999,373,1231.927,True,False,natural_completion
43,176642.0,1012.0,1012.0779999999795,917.322,336,1195.257,False,False,natural_completion
44,181235.0,728.0,358.655999999959,234.69999999999993,8,39.56,True,False,stationary_recovery_exit
45,181964.0,1054.0,1050.4060000000172,917.3679999999999,336,1147.628,False,False,natural_completion
46,183055.0,1026.0,1025.7179999999935,917.318,337,1182.456,False,False,natural_completion
47,186346.0,1011.0,1010.9529999999795,917.2389999999999,371,1321.068,False,False,natural_completion
48,187357.0,1017.0,1016.905999999959,917.232,350,1238.938,False,False,natural_completion
49,191195.0,1032.0,1031.5779999999795,917.237,354,1234.884,False,False,natural_completion
50,192260.0,1395.0,1147.5170000000508,917.188,338,872.258,True,False,natural_completion
51,195729.0,1060.0,1059.7970000000205,917.0749999999999,340,1154.717,False,False,natural_completion
52,196790.0,1226.0,1021.030999999959,917.232,372,1092.333,True,False,natural_completion
53,199929.0,1060.0,1060.3130000000237,917.132,340,1154.717,False,False,natural_completion
54,200990.0,1120.0,1042.8279999999795,917.15,352,1131.429,True,False,natural_completion
55,204163.0,1440.0,1223.9359999999288,917.244,339,847.5,True,False,natural_completion
56,205604.0,993.0,992.5779999999795,917.417,352,1276.133,False,False,natural_completion
57,208807.0,1139.0,1109.2210000000778,917.292,340,1074.627,False,False,natural_completion
58,209947.0,540.0,540.2189999999828,462.703,90,600.0,False,False,stationary_recovery_exit
59,210489.0,1016.0,1016.704000000027,917.328,367,1300.394,False,False,natural_completion
60,213719.0,1038.0,1030.3269999999902,917.275,340,1179.191,False,False,natural_completion
61,214759.0,1014.0,1013.9380000000237,917.317,338,1200.0,False,False,natural_completion
62,217599.0,1029.0,1028.1399999999558,917.151,371,1297.959,False,False,natural_completion
63,218630.0,1015.0,1015.1089999999967,917.25,373,1322.956,False,False,natural_completion
64,221649.0,633.0,633.5160000000033,519.788,110,625.592,False,False,stationary_recovery_exit
65,222284.0,1010.0,1010.4530000000377,917.3829999999999,364,1297.426,False,False,natural_completion
66,224966.0,1035.0,1035.4369999999763,917.186,337,1172.174,False,False,natural_completion
67,226960.0,1061.0,1060.1719999999623,917.208,358,1214.703,False,False,natural_completion
