record,start_seconds,recovery_wall_seconds,stage
1,527.203,81.715138,other
2,680.72,232.366288,inspect_sp
3,913.088,8.808451,inspect_sp
4,921.899,126.053658,inspect_sp
5,1047.954,160.355266,inspect_sp
6,1208.311,230.964614,inspect_sp
7,1439.277,164.541693,inspect_sp
8,1620.732,4.519384,choose
9,1625.253,7.564092,choose
10,1632.819,63.91957,choose
11,1696.741,11.120167,choose
12,1707.862,12.135323,choose
13,1719.999,89.494759,choose
14,1809.496,40.068036,choose
15,1849.565,99.631286,choose
16,1949.198,8.638427,choose
17,1957.837,11.674178,choose
18,1969.512,17.89183,choose
19,1987.406,77.036582,choose
20,2082.897,4.40369,open_mastery
21,2094.267,8.593016,mastery
22,2102.861,52.274018,mastery
23,2158.259,31.418699,return
24,2243.445,9.982116,open_mastery
25,2270.659,32.92778,return
26,2339.667,12.742208,other
27,2352.411,71.371403,inspect_sp
28,2423.783,3.670624,farm_prepare
29,2427.456,6.616181,farm_prepare
30,2434.073,12.602989,farm_prepare
31,2446.677,15.564328,farm_prepare
32,2462.242,15.644162,farm_prepare
33,2477.889,15.63461,farm_prepare
34,2493.525,15.627802,farm_prepare
35,2509.154,332.405595,farm_prepare
36,2841.562,62.255866,farm_prepare
37,2903.82,125.031194,farm_prepare
38,3028.852,64.036839,farm_prepare
39,3092.891,136.761583,farm_prepare
40,3229.653,46.855092,farm_search
41,3276.509,36.406887,farm_search
42,3312.916,36.360111,farm_search
43,3349.277,36.376729,farm_search
44,3385.655,436.468398,farm_search
45,3822.125,146.244719,farm_search
46,4777.79,33.652701,other
47,4811.443,54.194732,farm_read_sp
48,4935.324,72.318275,farm_search
49,5511.858,74.614185,other
50,5651.368,30.718481,inspect_sp
51,5738.809,41.314968,choose
52,5780.312,9.997259,open_mastery
53,5807.682,29.574292,return
54,5876.237,80.813122,farm_prepare
55,5957.052,85.812798,farm_search
56,6042.866,5.909432,farm_drive
57,6757.207,84.884171,farm_search
58,6842.092,14.957498,farm_drive
59,7519.856,15.574998,farm_drive
60,7917.269,124.014005,farm_read_sp
61,8041.285,84.046523,farm_search
62,9072.63,42.45987,farm_read_sp
63,9185.424,5.502501,inspect_sp
64,9190.928,34.391017,inspect_sp
65,9317.897,28.492921,return
66,9384.679,60.031699,inspect_sp
67,9444.712,84.575148,farm_prepare
68,9529.288,84.709975,farm_search
69,10088.425,5.854785,farm_read_sp
70,10267.322,22.786772,farm_drive
71,10615.778,73.606435,other
72,10840.833,5.324644,farm_drive
73,11404.29,4.50667,farm_drive
74,12300.522,33.295605,other
75,12333.819,42.53185,farm_read_sp
76,12442.828,30.992828,inspect_sp
77,12558.451,9.8454,open_mastery
78,12585.522,29.859948,return
79,12657.201,81.00825,farm_prepare
80,12738.211,85.589664,farm_search
81,12823.802,4.679925,farm_drive
82,13153.822,39.073103,other
83,13192.897,46.825431,farm_read_sp
84,13311.252,9.159292,farm_search
85,13320.412,85.268667,farm_search
86,13405.682,4.850029,farm_drive
87,14353.097,17.490459,farm_read_sp
88,14370.588,45.887094,farm_read_sp
89,14485.184,9.211942,farm_search
90,14494.397,79.566601,farm_search
91,15092.324,35.7861,other
92,15129.298,60.049083,other
93,15248.992,4.421986,open_mastery
94,15270.679,31.148864,return
95,15422.088,73.676799,farm_search
96,16048.864,79.00964,farm_search
97,16468.632,21.347796,farm_drive
98,17003.639,75.293983,other
99,17148.619,77.013338,farm_search
100,17533.288,37.30068,other
101,17570.589,42.767089,farm_read_sp
102,17688.977,6.365437,other
103,17695.342,56.994161,other
104,17831.435,34.321502,return
105,17903.195,10.04916,farm_prepare
106,17913.246,74.656174,farm_prepare
107,17987.905,86.773815,farm_search
108,18590.897,36.146935,other
109,18627.046,44.402275,farm_read_sp
110,18741.722,9.258001,farm_search
111,18750.981,85.022388,farm_search
112,18836.004,6.956825,farm_drive
113,19480.786,51.315247,farm_read_sp
114,19888.241,3.463199,farm_drive
115,19891.704,45.462237,farm_drive
116,19937.167,256.757188,farm_drive
117,20193.925,65.92037,farm_drive
118,20259.847,2778.021845,farm_drive
119,23037.872,329.52182,other
120,23367.395,397.752832,other
121,23765.15,66.506539,other
122,23831.659,63.40617,other
123,23895.067,51558.52467,other
124,75453.597,135.848843,other
125,75589.448,22.97926,other
126,75612.43,37.701661,other
127,75650.132,69.233692,other
128,75719.367,128.640484,other
129,75848.009,128.448997,other
130,75976.46,128.350087,other
131,76104.812,128.396916,other
132,76233.212,128.45485,other
133,76361.67,128.425601,other
134,76490.096,128.274932,other
135,76618.372,140.709777,other
136,76759.084,1531.835051,other
137,78290.921,132.591656,other
138,78423.514,129.935069,other
139,78553.451,129.635974,other
140,78683.09,128.058796,other
141,78811.15,128.509639,other
142,78939.661,128.461816,other
143,79068.126,128.371716,other
144,79196.499,128.434148,other
145,79324.934,128.211394,other
146,79453.148,128.220786,other
147,79581.372,128.166203,other
148,79709.54,128.306428,other
149,79837.846,128.240433,other
150,79966.088,6037.422483,other
151,86003.511,525.429241,other
152,86528.941,5.796402,other
153,86534.739,8.775616,other
154,86543.516,14.768606,other
155,86558.286,17.761296,other
156,86576.049,17.766388,other
157,86593.817,17.759193,other
158,86611.577,17.751216,other
159,86629.33,17.747109,other
160,86647.078,17.748618,other
161,86664.827,17.754334,other
162,86682.583,17.760835,other
163,86700.345,189.382009,other
164,86891.58,88.909491,farm_prepare
165,86980.49,42.712709,farm_prepare
166,87023.204,3.705959,farm_prepare
167,87026.912,288.9989,farm_prepare
168,88307.964,35.074882,other
169,88343.04,38.193175,other
170,88381.234,44.076725,other
171,88425.311,47.080449,other
172,88472.393,47.402207,other
173,88519.797,47.217809,other
174,88567.016,47.361437,other
175,88614.38,2917.464878,other
176,91531.847,60.625503,other
177,91635.818,8.065012,open_mastery
178,91702.096,8.186693,open_mastery
179,93885.113,11.791322,collection
180,95007.627,30.673846,other
181,95038.303,31.733079,inspect_sp
182,95070.037,78.743886,farm_prepare
183,97185.8,31.775392,choose
184,99230.325,8.116621,open_mastery
185,99517.55,111.39303,inspect_sp
186,103313.202,4.024925,other
187,103317.229,7.182103,other
188,103324.412,13.18324,other
189,103337.597,16.203128,other
190,103353.802,16.169404,other
191,103369.973,16.201584,other
192,103386.176,16.190645,other
193,103402.368,16.219423,other
194,103418.589,16.421151,other
195,103435.011,16.169587,other
196,103451.184,16.185661,other
197,103467.37,5238.35798,other
198,108705.729,4.158579,other
199,108709.887,7.196932,other
200,108717.087,13.164748,other
201,108730.253,16.206203,other
202,108746.459,16.168665,other
203,108762.629,16.176997,other
204,108778.809,16.194179,other
205,108795.004,16.189007,other
206,108811.195,16.199123,other
207,108827.396,16.203086,other
208,108843.6,16.402402,other
209,108860.004,16.008634,other
210,108876.012,16.250243,other
211,108892.264,16.131686,other
212,108908.397,16.234993,other
213,108924.632,16.281157,other
214,108940.915,16.204588,other
215,108957.121,16.164429,other
216,108973.285,16.172032,other
217,108989.457,16.220917,other
218,109005.679,16.234278,other
219,109021.915,16.204026,other
220,109038.121,16.215488,other
221,109054.338,16.2042,other
222,109070.544,16.245465,other
223,109086.791,16.169502,other
224,109102.96,16.202715,other
225,109119.164,16.235288,other
226,109135.401,16.246177,other
227,109151.649,16.283488,other
228,109167.934,16.097106,other
229,109184.031,16.206431,other
230,109200.238,16.204178,other
231,109216.443,16.201529,other
232,109232.645,16.19222,other
233,109248.838,16.247932,other
234,109265.087,16.203955,other
235,109281.293,16.210257,other
236,109297.503,16.193494,other
237,109313.698,16.236096,other
238,109329.935,16.222825,other
239,109346.158,16.189587,other
240,109362.349,16.207711,other
241,109378.557,16.186548,other
242,109394.744,16.277085,other
243,109411.022,16.407131,other
244,109427.431,16.241056,other
245,109443.673,16.159456,other
246,109459.832,16.290452,other
247,109476.123,16.12033,other
248,109492.244,16.153238,other
249,109508.399,16.202634,other
250,109524.603,16.24307,other
251,109540.848,16.146065,other
252,109556.996,16.184439,other
253,109573.182,16.218771,other
254,109589.402,16.156388,other
255,109605.559,16.232244,other
256,109621.792,16.122603,other
257,109637.916,16.183938,other
258,109654.101,16.122615,other
259,109670.226,16.158732,other
260,109686.386,16.084616,other
261,109702.472,16.146208,other
262,109718.619,16.136124,other
263,109734.756,16.147164,other
264,109750.903,16.185185,other
265,109767.089,16.167444,other
266,109783.259,16.125682,other
267,109799.384,16.123277,other
268,109815.508,16.144793,other
269,109831.653,16.196111,other
270,109847.849,16.184375,other
271,109864.035,16.197486,other
272,109880.233,16.277717,other
273,109896.513,16.271226,other
274,109912.786,16.266791,other
275,109929.054,16.089341,other
276,109945.145,16.146433,other
277,109961.293,16.442404,other
278,109977.737,16.25922,other
279,109993.998,16.268766,other
280,110010.266,16.371374,other
281,110026.64,15.999764,other
282,110042.642,16.275454,other
283,110058.918,16.197357,other
284,110075.117,16.238311,other
285,110091.355,16.169222,other
286,110107.526,16.217944,other
287,110123.745,16.207498,other
288,110139.956,16.291183,other
289,110156.248,16.454918,other
290,110172.705,16.17425,other
291,110188.881,16.163663,other
292,110205.046,16.153761,other
293,110221.201,16.207917,other
294,110237.409,16.203655,other
295,110253.614,7566.060186,other
296,117819.676,345.439764,other
297,118165.118,3533.385511,other
298,121698.535,30.563842,garage_cleanup
299,121729.099,8.472039,garage_cleanup
300,121737.572,15.180756,garage_cleanup
301,121752.754,205.437461,garage_cleanup
302,121958.192,12.541728,garage_cleanup
303,121970.735,1001.260609,garage_cleanup
304,126179.079,206.809204,other
305,126680.577,3.670869,open_mastery
306,126684.25,966.893236,open_mastery
307,127651.146,4.342983,open_mastery
308,127715.677,3.845775,collection
309,127719.524,467.727816,collection
310,128187.253,13.648043,collection
311,128827.869,8.217481,open_mastery
312,128871.748,3.688806,choose
313,128875.437,535.734227,choose
314,129428.498,14.032276,return
315,129503.472,14.272641,return
316,129572.683,14.439132,return
317,129640.88,14.326143,return
318,129828.033,14.478975,return
319,129899.852,14.531166,return
320,130031.986,14.38478,return
321,130099.297,14.334935,return
322,130168.288,14.498335,return
323,130297.046,14.325318,return
324,130427.864,14.249151,return
325,130494.839,14.328835,return
326,130623.368,14.388712,return
327,130692.448,14.200022,return
328,130760.123,14.390885,return
329,130827.959,14.429802,return
330,130895.635,14.052352,return
331,130963.111,14.447859,return
332,131031.793,14.515572,return
333,131179.549,14.218869,return
334,133365.216,3.654996,garage_cleanup
335,133368.873,123.433702,garage_cleanup
336,133492.308,295.055491,garage_cleanup
337,133787.365,132.109893,garage_cleanup
338,133971.936,3.683531,return
339,133975.623,331.947204,return
340,136084.484,3.727054,open_mastery
341,136088.214,488.553612,open_mastery
342,136802.442,289.039722,garage_cleanup
343,137091.483,3.665351,inspect_sp
344,137095.15,171.932128,inspect_sp
345,137267.083,5.226779,farm_read_sp
346,137272.311,5.101811,farm_read_sp
347,137277.414,5.091986,farm_read_sp
348,137282.507,5.235888,farm_read_sp
349,137287.743,4.988483,farm_read_sp
350,137292.731,5.099286,farm_read_sp
351,137297.832,5.074831,farm_read_sp
352,137302.907,5.058629,farm_read_sp
353,137307.968,5.038381,farm_read_sp
354,137313.008,5.0552,farm_read_sp
355,137318.064,5.156166,farm_read_sp
356,137323.221,5.016319,farm_read_sp
357,137328.239,5.054905,farm_read_sp
358,137333.295,5.046108,farm_read_sp
359,137338.342,5.050672,farm_read_sp
360,137343.392,5.084797,farm_read_sp
361,137348.478,5.082691,farm_read_sp
362,137353.562,5.017209,farm_read_sp
363,137358.58,5.149353,farm_read_sp
364,137363.73,5.035647,farm_read_sp
365,137368.767,5.244195,farm_read_sp
366,137374.012,5.140337,farm_read_sp
367,137379.154,5.130258,farm_read_sp
368,137384.286,5.11379,farm_read_sp
369,137389.4,5.155352,farm_read_sp
370,137394.556,5.074461,farm_read_sp
371,137399.632,5.082024,farm_read_sp
372,137404.715,5.17421,farm_read_sp
373,137409.89,5.123313,farm_read_sp
374,137415.014,5.028783,farm_read_sp
375,137420.045,5.13702,farm_read_sp
376,137425.183,5.14402,farm_read_sp
377,137430.328,5.101777,farm_read_sp
378,137435.431,5.009375,farm_read_sp
379,137440.441,5.074872,farm_read_sp
380,137445.517,5.085905,farm_read_sp
381,137450.604,5.384192,farm_read_sp
382,137455.989,5.109909,farm_read_sp
383,137461.1,5.093835,farm_read_sp
384,137466.194,5.046384,farm_read_sp
385,137471.243,5.137103,farm_read_sp
386,137476.382,5.058212,farm_read_sp
387,137481.441,5.025362,farm_read_sp
388,137486.466,5.025616,farm_read_sp
389,137491.493,5.015189,farm_read_sp
390,137496.51,5.15977,farm_read_sp
391,137501.67,5.105733,farm_read_sp
392,137506.777,5.04055,farm_read_sp
393,137511.819,5.076003,farm_read_sp
394,137516.897,5.021477,farm_read_sp
395,137521.919,5.032386,farm_read_sp
396,137526.953,5.116835,farm_read_sp
397,137532.071,5.083582,farm_read_sp
398,137537.156,5.05253,farm_read_sp
399,137542.209,5.047291,farm_read_sp
400,137547.258,5.078149,farm_read_sp
401,137552.336,5.064423,farm_read_sp
402,137557.402,5.075715,farm_read_sp
403,137562.479,5.005851,farm_read_sp
404,137567.486,5.124599,farm_read_sp
405,137572.612,5.05552,farm_read_sp
406,137577.669,5.14062,farm_read_sp
407,137582.81,5.120234,farm_read_sp
408,137587.931,5.067074,farm_read_sp
409,137592.999,5.034813,farm_read_sp
410,137598.035,5.126365,farm_read_sp
411,137603.162,5.068042,farm_read_sp
412,137608.231,5.148555,farm_read_sp
413,137613.381,5.145293,farm_read_sp
414,137618.528,5.16015,farm_read_sp
415,137623.688,5.091125,farm_read_sp
416,137628.78,5.166004,farm_read_sp
417,137633.947,5.076589,farm_read_sp
418,137639.024,5.103451,farm_read_sp
419,137644.13,5.058257,farm_read_sp
420,137649.19,5.076658,farm_read_sp
421,137654.267,5.155315,farm_read_sp
422,137659.423,5.053065,farm_read_sp
423,137664.477,5.048696,farm_read_sp
424,137669.527,5.148064,farm_read_sp
425,137674.677,5.076882,farm_read_sp
426,137679.755,5.14588,farm_read_sp
427,137684.903,5.073938,farm_read_sp
428,137689.978,5.012156,farm_read_sp
429,137694.992,5.008514,farm_read_sp
430,137700.002,5.025403,farm_read_sp
431,137705.029,5.028986,farm_read_sp
432,137710.059,5.02329,farm_read_sp
433,137715.083,5.023123,farm_read_sp
434,137720.107,5.081918,farm_read_sp
435,137725.19,5.171834,farm_read_sp
436,137730.362,5.100029,farm_read_sp
437,137735.463,5.12109,farm_read_sp
438,137740.586,5.061148,farm_read_sp
439,137745.648,5.139278,farm_read_sp
440,137750.788,5.028927,farm_read_sp
441,137755.818,5.108642,farm_read_sp
442,137760.928,5.090983,farm_read_sp
443,137766.02,5.059256,farm_read_sp
444,137771.081,5.119945,farm_read_sp
445,137776.202,5.125173,farm_read_sp
446,137781.328,5.09189,farm_read_sp
447,137786.421,5.120575,farm_read_sp
448,137791.543,5.02674,farm_read_sp
449,137796.57,5.107528,farm_read_sp
450,137801.678,5.072379,farm_read_sp
451,137806.752,5.3239,farm_read_sp
452,137812.077,5.096129,farm_read_sp
453,137817.175,5.050311,farm_read_sp
454,137822.226,5.042051,farm_read_sp
455,137827.269,5.055801,farm_read_sp
456,137832.325,5.034639,farm_read_sp
457,137837.361,5.103154,farm_read_sp
458,137842.466,479.489859,farm_read_sp
459,142532.104,240.631622,garage_cleanup
460,142772.737,105.035657,garage_cleanup
461,142877.774,3.711122,farm_search
462,142881.487,675.851395,farm_search
463,146692.374,8.362477,open_mastery
464,147843.52,225.062805,garage_cleanup
465,152217.49,8.380211,open_mastery
466,152264.63,223.146319,garage_cleanup
467,152487.777,173.881046,garage_cleanup
468,155046.959,8.239681,open_mastery
469,157042.989,396.533957,garage_cleanup
470,160238.527,34.444763,return
471,160272.974,119.754078,return
472,160392.73,14.64977,return
473,162636.012,13.865298,return
474,163762.5,31.239353,garage_cleanup
475,163793.741,168.573178,garage_cleanup
476,167762.126,8.324036,open_mastery
477,167895.839,8.333367,open_mastery
478,168965.919,31.114166,garage_cleanup
479,168997.034,33.854583,garage_cleanup
480,169030.889,170.076603,garage_cleanup
481,172018.766,3.669905,choose
482,172022.437,4.713333,choose
483,172027.151,8.885242,choose
484,172036.039,14.906153,choose
485,172050.947,110.097672,choose
486,172792.674,4.582328,open_mastery
487,174361.472,123.54719,other
488,174529.042,13.88087,return
489,175380.201,46.479838,garage_cleanup
490,175426.682,245.244209,garage_cleanup
491,178968.831,4.773315,open_mastery
492,179193.939,3.817528,collection
493,179197.759,218.346325,collection
494,179416.106,7.293058,other
495,179423.399,18.115052,other
496,179534.896,6.635714,collection
497,179541.533,9.775106,collection
498,179551.309,15.688276,collection
499,179566.998,282.70862,collection
500,179849.708,10.9909,other
501,179860.7,11.983071,other
502,179872.684,17.864477,other
503,179890.549,97.193791,other
504,180095.926,10.040688,collection
505,180968.273,4.995127,collection
506,181150.956,162.004748,garage_cleanup
507,181325.683,1.398592,farm_drive
508,181327.084,369.553805,farm_drive
509,181967.049,113.369843,farm_prepare
510,188734.181,8.708593,choose
511,188742.891,11.862399,choose
512,188754.754,18.479052,choose
513,188773.235,361.851276,choose
514,189135.087,21.138578,choose
515,190592.147,8.333537,choose
516,192296.663,34.655847,farm_prepare
517,192331.32,357.095576,farm_prepare
518,194253.692,3.708136,mastery
519,194257.402,187.753413,mastery
520,194996.258,6.126485,open_mastery
521,195376.727,9.807934,mastery
522,197808.966,5.597703,farm_leave
523,197814.565,48.869119,farm_leave
524,197863.441,152.644952,farm_leave
525,199499.087,9.78678,mastery
526,202383.407,9.663379,mastery
527,203742.758,4.657048,choose
528,203747.417,2.170052,choose
529,203749.588,4.560713,choose
530,203754.151,2.169603,choose
531,203756.321,2.203324,choose
532,203758.526,2.216493,choose
533,203760.745,8.747133,choose
534,203769.493,22.020078,choose
535,204239.065,34.618532,farm_search
536,204273.685,34.578238,farm_search
537,204308.264,34.613111,farm_search
538,204342.878,34.595317,farm_search
539,204377.475,276.463008,farm_search
540,206614.746,136.292769,inspect_sp
541,206751.04,198.570158,other
542,208831.664,13.692853,farm_prepare
543,208845.359,13.905602,farm_prepare
544,208859.265,13.85462,farm_prepare
545,208873.121,14.235474,farm_prepare
546,208887.359,13.75876,farm_prepare
547,208901.12,13.92404,farm_prepare
548,208915.046,95.483096,farm_prepare
549,213735.416,8.675332,farm_prepare
550,213744.093,75.077267,farm_prepare
551,219981.827,9.601828,mastery
552,221612.592,9.950586,mastery
553,223682.911,10.106703,mastery
554,224649.876,5.779801,inspect_sp
555,224655.657,8.762385,inspect_sp
556,224664.42,14.807809,inspect_sp
557,224679.229,385.991312,inspect_sp
558,228609.793,3.787258,garage_cleanup
559,228613.582,392.170226,garage_cleanup
560,229005.754,239.545946,garage_cleanup
561,229245.301,816.390774,garage_cleanup
