cause,events,recovery_minutes,mean_cost_s
OCR_fail,341,97.17068331666658,17.097480935483855
mastery_detection,71,21.297060300000005,17.99751574647888
purchase_fail,27,20.406115866666667,45.346924148148155
game_crash,2,6.794302366666667,203.829071
choose_timeout,7,5.2236667,44.774286000000004
focus_lost,30,5.135495916666668,10.270991833333335
unexpected_screen,9,3.761210216666667,25.074734777777778
other,5,2.2946120166666666,27.535344199999997
return_timeout,9,1.878074816666667,12.52049877777778
