farm_group,runs,retained_sp,active_h,retained_sp_h,cars_supported_h,drive_p50_s,drive_p90_s
Mega Farm V6 — natural completion,31,10936,8.842688333333419,1236.7279709243658,58.89180813925551,14675.872,25685.8
Mega Farm V6 — intentional top up,25,4876,4.008294999999999,1216.4773301366297,57.92749191126808,7802.509,13210.9596
Untagged — natural completion,1,373,0.31094194444444534,1199.5808435122276,57.122897310106076,0.0,0.0
Untagged — intentional top up,1,242,0.2135024999999991,1133.4761888034147,53.97505660968642,0.0,0.0
Untagged — legacy,11,3718,3.288376388888872,1130.649159434056,53.840436163526476,,
Initial farm telemetry,35,11600,10.392586388888898,1116.180281397708,53.151441971319436,,
Mini Farm V2 — natural completion,29,3712,3.462751944444446,1071.9797604779174,51.04665526085321,4479.015,7770.0504
Mega Farm V6 — interrupted,8,2893,2.784135555555557,1039.1017040198387,49.481033524754224,3669.0359999999996,5503.752
Untagged — capped,5,1110,1.4963497222222375,741.8051966832544,35.32405698491688,,
Mini Farm V2 — interrupted,5,674,1.1405102777777938,590.9635477492083,28.14112132139087,896.0159999999998,1194.911
