metric,unit,phase_1,phase_2,improvement_percent,bootstrap_95_low,bootstrap_95_high,scope
Cycle P50,seconds,47.367499999993015,45.437999999994645,4.0734680952101225,3.3112295266988028,4.832635543073902,"1,398 vs 1,281 completed cars"
Cycle P90,seconds,58.6917999999976,54.328000000008615,7.435110185731504,6.05343052144906,9.02680695960117,"1,398 vs 1,281 completed cars"
Cycle P99,seconds,83.46317000000205,58.95900000000257,29.35926109683934,22.07087123283516,42.53063495144106,"1,398 vs 1,281 completed cars"
Farm retained rate,SP/h,1116.8976335697093,1044.8471788259383,-6.450945241372841,,,116 vs 104 farm runs
Farm capacity,cars/h,53.18560159855759,49.75462756313992,-6.450945241372841,,,retained SP/h ÷ 21
Conversion capacity,cars/h,64.48339483394834,63.31450529055591,-1.8126985193668066,,,recorded conversion time
SW active throughput,SW/h,25.55,27.647230238952442,8.208337530146537,,,mission active time
Crash incidence,"per 1,000 cars",14.30615164520744,5.46448087431694,61.803278688524586,,,broad mission counter; positive is reduction
Retry incidence,"per 1,000 cars",1247.4964234620886,231.85011709601875,81.41476698966547,,,broad mission counter; positive is reduction
