phase,stage,n,p50_s,p90_s,p99_s,mean_s
Initial 0→517,collection,517,0.46900000001187436,0.5160000000032596,0.5940000000118744,0.47802127659589017
Initial 0→517,buy,517,6.907000000006519,7.359400000001187,17.023600000002187,6.956820116054059
Initial 0→517,bought,517,1.2660000000032596,1.312999999994645,1.344000000009546,1.2093249516442228
Initial 0→517,choose,517,24.030999999988126,29.984399999998278,35.84359999999054,25.328595744680385
Initial 0→517,open_mastery,512,3.312999999994645,3.6233999999996747,13.442769999980227,3.4788496093748336
Initial 0→517,mastery,517,8.375,8.584999999991851,8.995039999999571,8.401481624759358
Initial 0→517,return,517,11.46799999999348,12.444000000000234,16.568080000030996,11.765911025144044
Restart from 333,collection,1398,0.06300000000919681,0.125,0.6870299999776762,0.14778540772496232
Restart from 333,buy,1398,4.0310000000172295,5.5939999999827705,14.563409999976864,5.229334048640955
Restart from 333,bought,1398,0.9849999999860302,1.125,1.2179999999934807,0.9570064377686284
Restart from 333,choose,1398,21.15700000000652,29.04059999997844,34.2532699999999,23.449738912732236
Restart from 333,open_mastery,1394,3.437999999994645,3.807499999989523,14.940099999994562,4.021619799138901
Restart from 333,mastery,1398,7.311999999976251,11.462600000001839,11.672450000020035,8.353467811159142
Restart from 333,return,1398,9.71899999998277,12.875,23.335769999936364,10.465493562231412
