car,count,first_seen,last_seen,priority,observed_rate,pulls_per_100_super_spins,pulls_per_1000_reward_slots,pulls_per_1000_car_rewards,upper_95_per_super_spin,upper_95_per_reward_slot,upper_95_per_car_reward
2019 Apollo Intensa Emozione,0,,,True,0,0.0,0.0,0.0,0.005973551516349596,0.0019951618622789935,0.008547024811548676
2019 Aston Martin DBS Superleggera,0,,,False,0,0.0,0.0,0.0,0.005973551516349596,0.0019951618622789935,0.008547024811548676
2019 Aston Martin Valhalla Concept Car,0,,,False,0,0.0,0.0,0.0,0.005973551516349596,0.0019951618622789935,0.008547024811548676
1984 Audi Sport quattro,0,,,False,0,0.0,0.0,0.0,0.005973551516349596,0.0019951618622789935,0.008547024811548676
2016 Bentley Bentayga,0,,,False,0,0.0,0.0,0.0,0.005973551516349596,0.0019951618622789935,0.008547024811548676
2020 BMW M2 Competition Coupé,0,,,False,0,0.0,0.0,0.0,0.005973551516349596,0.0019951618622789935,0.008547024811548676
2019 Casey Currie Motorsports #4402 Ultra 4 'Trophy Jeep',0,,,False,0,0.0,0.0,0.0,0.005973551516349596,0.0019951618622789935,0.008547024811548676
1960 Chevrolet Corvette,0,,,False,0,0.0,0.0,0.0,0.005973551516349596,0.0019951618622789935,0.008547024811548676
2019 Chevrolet Corvette ZR1,0,,,False,0,0.0,0.0,0.0,0.005973551516349596,0.0019951618622789935,0.008547024811548676
1968 Dodge Dart HEMI Super Stock,0,,,False,0,0.0,0.0,0.0,0.005973551516349596,0.0019951618622789935,0.008547024811548676
1970 Dodge Challenger R/T,0,,,False,0,0.0,0.0,0.0,0.005973551516349596,0.0019951618622789935,0.008547024811548676
2016 Dodge Viper ACR,0,,,False,0,0.0,0.0,0.0,0.005973551516349596,0.0019951618622789935,0.008547024811548676
1984 Ferrari 288 GTO,0,,,False,0,0.0,0.0,0.0,0.005973551516349596,0.0019951618622789935,0.008547024811548676
1992 Ferrari 512 TR,0,,,False,0,0.0,0.0,0.0,0.005973551516349596,0.0019951618622789935,0.008547024811548676
1994 Ferrari F355 Berlinetta,0,,,False,0,0.0,0.0,0.0,0.005973551516349596,0.0019951618622789935,0.008547024811548676
2012 Ferrari 599XX Evolution,0,,,True,0,0.0,0.0,0.0,0.005973551516349596,0.0019951618622789935,0.008547024811548676
2019 Ferrari F8 Tributo,0,,,False,0,0.0,0.0,0.0,0.005973551516349596,0.0019951618622789935,0.008547024811548676
1968 Ford Mustang GT 2+2 Fastback Forza Edition,0,,,False,0,0.0,0.0,0.0,0.005973551516349596,0.0019951618622789935,0.008547024811548676
1986 Ford F-150 XLT Lariat Forza Edition,0,,,False,0,0.0,0.0,0.0,0.005973551516349596,0.0019951618622789935,0.008547024811548676
2014 Ford Ranger T6 Rally Raid,0,,,False,0,0.0,0.0,0.0,0.005973551516349596,0.0019951618622789935,0.008547024811548676
2017 Ford M-Sport Fiesta RS,0,,,False,0,0.0,0.0,0.0,0.005973551516349596,0.0019951618622789935,0.008547024811548676
2020 Ford Super Duty F-450 DRW PLATINUM Forza Edition,0,,,False,0,0.0,0.0,0.0,0.005973551516349596,0.0019951618622789935,0.008547024811548676
2022 Ford F-150 Lightning,0,,,False,0,0.0,0.0,0.0,0.005973551516349596,0.0019951618622789935,0.008547024811548676
2006 Formula Drift #43 Dodge Viper SRT-10 ACR,0,,,False,0,0.0,0.0,0.0,0.005973551516349596,0.0019951618622789935,0.008547024811548676
2015 Formula Drift #13 Ford Mustang,0,,,False,0,0.0,0.0,0.0,0.005973551516349596,0.0019951618622789935,0.008547024811548676
2012 Hennessey Venom GT,0,,,True,0,0.0,0.0,0.0,0.005973551516349596,0.0019951618622789935,0.008547024811548676
1961 Jaguar E-type,0,,,False,0,0.0,0.0,0.0,0.005973551516349596,0.0019951618622789935,0.008547024811548676
2015 Koenigsegg One:1,0,,,True,0,0.0,0.0,0.0,0.005973551516349596,0.0019951618622789935,0.008547024811548676
1999 Lamborghini Diablo GTR,0,,,False,0,0.0,0.0,0.0,0.005973551516349596,0.0019951618622789935,0.008547024811548676
2011 Lamborghini Sesto Elemento,1,2026-09-18T17:42:21.173+00:00,2026-09-18T17:42:21.173+00:00,True,1,0.2,0.6666666666666666,2.865329512893983,,,
2012 Lamborghini Aventador LP700-4,0,,,False,0,0.0,0.0,0.0,0.005973551516349596,0.0019951618622789935,0.008547024811548676
2021 McLaren 620R,0,,,False,0,0.0,0.0,0.0,0.005973551516349596,0.0019951618622789935,0.008547024811548676
2018 Mercedes-AMG GT 4-Door Coupé,0,,,False,0,0.0,0.0,0.0,0.005973551516349596,0.0019951618622789935,0.008547024811548676
1990 Mercedes-Benz 190 E 2.5-16 Evolution II Forza Edition,0,,,False,0,0.0,0.0,0.0,0.005973551516349596,0.0019951618622789935,0.008547024811548676
1998 Mercedes-Benz AMG CLK GTR,0,,,True,0,0.0,0.0,0.0,0.005973551516349596,0.0019951618622789935,0.008547024811548676
2014 Mercedes-Benz G 63 AMG 6x6,0,,,False,0,0.0,0.0,0.0,0.005973551516349596,0.0019951618622789935,0.008547024811548676
1989 Nissan S-Cargo Forza Edition,0,,,False,0,0.0,0.0,0.0,0.005973551516349596,0.0019951618622789935,0.008547024811548676
1993 Nissan 240SX,0,,,False,0,0.0,0.0,0.0,0.005973551516349596,0.0019951618622789935,0.008547024811548676
2012 Nissan GT-R Black Edition (R35) Forza Edition,0,,,False,0,0.0,0.0,0.0,0.005973551516349596,0.0019951618622789935,0.008547024811548676
1970 Porsche #3 917 LH Forza Edition,0,,,False,0,0.0,0.0,0.0,0.005973551516349596,0.0019951618622789935,0.008547024811548676
1995 Porsche 911 GT2,0,,,False,0,0.0,0.0,0.0,0.005973551516349596,0.0019951618622789935,0.008547024811548676
2019 Porsche 911 GT3 RS,0,,,False,0,0.0,0.0,0.0,0.005973551516349596,0.0019951618622789935,0.008547024811548676
2021 Rimac Nevera,0,,,True,0,0.0,0.0,0.0,0.005973551516349596,0.0019951618622789935,0.008547024811548676
2021 RJ Anderson #37 Polaris RZR Pro 4 Truck,0,,,False,0,0.0,0.0,0.0,0.005973551516349596,0.0019951618622789935,0.008547024811548676
2013 Wuling Sunshine S Forza Edition,0,,,False,0,0.0,0.0,0.0,0.005973551516349596,0.0019951618622789935,0.008547024811548676
