stage,percentile,phase_1_seconds,phase_2_seconds,improvement_percent
collection,P50,0.06300000000919681,0.062000000005355105,1.5873015931678167
collection,P90,0.125,0.125,0.0
collection,P99,0.6870299999776762,0.7652000000060071,-11.377960210015697
buy,P50,4.0310000000172295,3.7969999999913853,5.805011164099331
buy,P90,5.5939999999827705,4.436999999990803,20.68287450832197
buy,P99,14.563409999976864,13.255999999996861,8.977361757871815
bought,P50,0.9849999999860302,0.860000000015134,12.690355327174517
bought,P90,1.125,1.0469999999913853,6.933333334099087
bought,P99,1.2179999999934807,1.1280000000027945,7.389162560851226
choose,P50,21.15700000000652,20.875,1.3328921870134347
choose,P90,29.04059999997844,25.921999999991385,10.738758841034173
choose,P99,34.2532699999999,32.48140000001295,5.172849190710725
open_mastery,P50,3.437999999994645,3.1719999999913853,7.737056428262767
open_mastery,P90,3.807499999989523,3.546999999997206,6.841759684649613
open_mastery,P99,14.940099999994562,14.494339999998047,2.983648034462132
mastery,P50,7.311999999976251,6.85899999999674,6.195295404553915
mastery,P90,11.462600000001839,7.10999999998603,37.972187810925185
mastery,P99,11.672450000020035,7.269000000000234,37.725156244081084
return,P50,9.71899999998277,9.312999999994645,4.177384504463889
return,P90,12.875,9.89000000001397,23.18446601930897
return,P99,23.335769999936364,10.397200000006707,55.445224220006196
